1,Aceh Barat,1,1,87,NULL,NULL,NULL,NULL,NULL,1,NULL,NULL,NULL,NULL,0,NULL,NULL
2,Aceh Barat Daya,1,1,87,NULL,NULL,NULL,NULL,NULL,1,NULL,NULL,NULL,NULL,0,NULL,NULL
3,Aceh Besar,1,1,87,NULL,NULL,NULL,NULL,NULL,1,NULL,NULL,NULL,NULL,0,NULL,NULL
4,Aceh Jaya,1,1,87,NULL,NULL,NULL,NULL,NULL,1,NULL,NULL,NULL,NULL,0,NULL,NULL
5,Aceh Selatan,1,1,87,NULL,NULL,NULL,NULL,NULL,1,NULL,NULL,NULL,NULL,0,NULL,NULL
6,Aceh Singkil,1,1,87,NULL,NULL,NULL,NULL,NULL,1,NULL,NULL,NULL,NULL,0,NULL,NULL
7,Aceh Tamiang,1,1,87,NULL,NULL,NULL,NULL,NULL,1,NULL,NULL,NULL,NULL,0,NULL,NULL
8,Aceh Tengah,1,1,87,NULL,NULL,NULL,NULL,NULL,1,NULL,NULL,NULL,NULL,0,NULL,NULL
9,Aceh Tenggara,1,1,87,NULL,NULL,NULL,NULL,NULL,1,NULL,NULL,NULL,NULL,0,NULL,NULL
10,Aceh Timur,1,1,87,NULL,NULL,NULL,NULL,NULL,1,NULL,NULL,NULL,NULL,0,NULL,NULL
11,Aceh Utara,1,1,87,NULL,NULL,NULL,NULL,NULL,1,NULL,NULL,NULL,NULL,0,NULL,NULL
12,Bener Meriah,1,1,87,NULL,NULL,NULL,NULL,NULL,1,NULL,NULL,NULL,NULL,0,NULL,NULL
13,Bireuen,1,1,87,NULL,NULL,NULL,NULL,NULL,1,NULL,NULL,NULL,NULL,0,NULL,NULL
14,Gayo Lues,1,1,87,NULL,NULL,NULL,NULL,NULL,1,NULL,NULL,NULL,NULL,0,NULL,NULL
15,Nagan Raya,1,1,87,NULL,NULL,NULL,NULL,NULL,1,NULL,NULL,NULL,NULL,0,NULL,NULL
16,Pidie,1,1,87,NULL,NULL,NULL,NULL,NULL,1,NULL,NULL,NULL,NULL,0,NULL,NULL
17,Pidie Jaya,1,1,87,NULL,NULL,NULL,NULL,NULL,1,NULL,NULL,NULL,NULL,0,NULL,NULL
18,Simeulue,1,1,87,NULL,NULL,NULL,NULL,NULL,1,NULL,NULL,NULL,NULL,0,NULL,NULL
19,Banda Aceh,3,1,87,NULL,NULL,NULL,NULL,NULL,1,NULL,NULL,NULL,NULL,0,NULL,NULL
20,Langsa,3,1,87,NULL,NULL,NULL,NULL,NULL,1,NULL,NULL,NULL,NULL,0,NULL,NULL
21,Lhokseumawe,3,1,87,NULL,NULL,NULL,NULL,NULL,1,NULL,NULL,NULL,NULL,0,NULL,NULL
22,Sabang,3,1,87,NULL,NULL,NULL,NULL,NULL,1,NULL,NULL,NULL,NULL,0,NULL,NULL
23,Subulussalam,3,1,87,NULL,NULL,NULL,NULL,NULL,1,NULL,NULL,NULL,NULL,0,NULL,NULL
24,Asahan,1,2,87,NULL,NULL,NULL,NULL,NULL,1,NULL,NULL,NULL,NULL,0,NULL,NULL
25,Batu Bara,1,2,87,NULL,NULL,NULL,NULL,NULL,1,NULL,NULL,NULL,NULL,0,NULL,NULL
26,Dairi,1,2,87,NULL,NULL,NULL,NULL,NULL,1,NULL,NULL,NULL,NULL,0,NULL,NULL
27,Deli Serdang,1,2,87,NULL,NULL,NULL,NULL,NULL,1,NULL,NULL,NULL,NULL,0,NULL,NULL
28,Humbang Hasundutan,1,2,87,NULL,NULL,NULL,NULL,NULL,1,NULL,NULL,NULL,NULL,0,NULL,NULL
29,Karo,1,2,87,NULL,NULL,NULL,NULL,NULL,1,NULL,NULL,NULL,NULL,0,NULL,NULL
30,Labuhanbatu,1,2,87,NULL,NULL,NULL,NULL,NULL,1,NULL,NULL,NULL,NULL,0,NULL,NULL
31,Labuhanbatu Selatan,1,2,87,NULL,NULL,NULL,NULL,NULL,1,NULL,NULL,NULL,NULL,0,NULL,NULL
32,Labuhanbatu Utara,1,2,87,NULL,NULL,NULL,NULL,NULL,1,NULL,NULL,NULL,NULL,0,NULL,NULL
33,Langkat,1,2,87,NULL,NULL,NULL,NULL,NULL,1,NULL,NULL,NULL,NULL,0,NULL,NULL
34,Mandailing Natal,1,2,87,NULL,NULL,NULL,NULL,NULL,1,NULL,NULL,NULL,NULL,0,NULL,NULL
35,Nias,1,2,87,NULL,NULL,NULL,NULL,NULL,1,NULL,NULL,NULL,NULL,0,NULL,NULL
36,Nias Barat,1,2,87,NULL,NULL,NULL,NULL,NULL,1,NULL,NULL,NULL,NULL,0,NULL,NULL
37,Nias Selatan,1,2,87,NULL,NULL,NULL,NULL,NULL,1,NULL,NULL,NULL,NULL,0,NULL,NULL
38,Nias Utara,1,2,87,NULL,NULL,NULL,NULL,NULL,1,NULL,NULL,NULL,NULL,0,NULL,NULL
39,Padang Lawas,1,2,87,NULL,NULL,NULL,NULL,NULL,1,NULL,NULL,NULL,NULL,0,NULL,NULL
40,Padang Lawas Utara,1,2,87,NULL,NULL,NULL,NULL,NULL,1,NULL,NULL,NULL,NULL,0,NULL,NULL
41,Pakpak Bharat,1,2,87,NULL,NULL,NULL,NULL,NULL,1,NULL,NULL,NULL,NULL,0,NULL,NULL
42,Samosir,1,2,87,NULL,NULL,NULL,NULL,NULL,1,NULL,NULL,NULL,NULL,0,NULL,NULL
43,Serdang Bedagai,1,2,87,NULL,NULL,NULL,NULL,NULL,1,NULL,NULL,NULL,NULL,0,NULL,NULL
44,Simalungun,1,2,87,NULL,NULL,NULL,NULL,NULL,1,NULL,NULL,NULL,NULL,0,NULL,NULL
45,Tapanuli Selatan,1,2,87,NULL,NULL,NULL,NULL,NULL,1,NULL,NULL,NULL,NULL,0,NULL,NULL
46,Tapanuli Tengah,1,2,87,NULL,NULL,NULL,NULL,NULL,1,NULL,NULL,NULL,NULL,0,NULL,NULL
47,Tapanuli Utara,1,2,87,NULL,NULL,NULL,NULL,NULL,1,NULL,NULL,NULL,NULL,0,NULL,NULL
48,Toba Samosir,1,2,87,NULL,NULL,NULL,NULL,NULL,1,NULL,NULL,NULL,NULL,0,NULL,NULL
49,Binjai,3,2,87,NULL,NULL,NULL,NULL,NULL,1,NULL,NULL,NULL,NULL,0,NULL,NULL
50,Gunung Sitoli,3,2,87,NULL,NULL,NULL,NULL,NULL,1,NULL,NULL,NULL,NULL,0,NULL,NULL
51,Medan,3,2,87,NULL,NULL,NULL,NULL,NULL,1,NULL,NULL,NULL,NULL,0,NULL,NULL
52,Padang Sidempuan,3,2,87,NULL,NULL,NULL,NULL,NULL,1,NULL,NULL,NULL,NULL,0,NULL,NULL
53,Pematangsiantar,3,2,87,NULL,NULL,NULL,NULL,NULL,1,NULL,NULL,NULL,NULL,0,NULL,NULL
54,Sibolga,3,2,87,NULL,NULL,NULL,NULL,NULL,1,NULL,NULL,NULL,NULL,0,NULL,NULL
55,Tanjung Balai,3,2,87,NULL,NULL,NULL,NULL,NULL,1,NULL,NULL,NULL,NULL,0,NULL,NULL
56,Tebing Tinggi,3,2,87,NULL,NULL,NULL,NULL,NULL,1,NULL,NULL,NULL,NULL,0,NULL,NULL
57,Bengkulu Selatan,1,3,87,NULL,NULL,NULL,NULL,NULL,1,NULL,NULL,NULL,NULL,0,NULL,NULL
58,Bengkulu Tengah,1,3,87,NULL,NULL,NULL,NULL,NULL,1,NULL,NULL,NULL,NULL,0,NULL,NULL
59,Bengkulu Utara,1,3,87,NULL,NULL,NULL,NULL,NULL,1,NULL,NULL,NULL,NULL,0,NULL,NULL
60,Benteng,1,3,87,NULL,NULL,NULL,NULL,NULL,1,NULL,NULL,NULL,NULL,0,NULL,NULL
61,Kaur,1,3,87,NULL,NULL,NULL,NULL,NULL,1,NULL,NULL,NULL,NULL,0,NULL,NULL
62,Kepahiang,1,3,87,NULL,NULL,NULL,NULL,NULL,1,NULL,NULL,NULL,NULL,0,NULL,NULL
63,Lebong,1,3,87,NULL,NULL,NULL,NULL,NULL,1,NULL,NULL,NULL,NULL,0,NULL,NULL
64,Mukomuko,1,3,87,NULL,NULL,NULL,NULL,NULL,1,NULL,NULL,NULL,NULL,0,NULL,NULL
65,Rejang Lebong,1,3,87,NULL,NULL,NULL,NULL,NULL,1,NULL,NULL,NULL,NULL,0,NULL,NULL
66,Seluma,1,3,87,NULL,NULL,NULL,NULL,NULL,1,NULL,NULL,NULL,NULL,0,NULL,NULL
67,Bengkulu,3,3,87,NULL,NULL,NULL,NULL,NULL,1,NULL,NULL,NULL,NULL,0,NULL,NULL
68,Batang Hari,1,4,87,NULL,NULL,NULL,NULL,NULL,1,NULL,NULL,NULL,NULL,0,NULL,NULL
69,Bungo,1,4,87,NULL,NULL,NULL,NULL,NULL,1,NULL,NULL,NULL,NULL,0,NULL,NULL
70,Kerinci,1,4,87,NULL,NULL,NULL,NULL,NULL,1,NULL,NULL,NULL,NULL,0,NULL,NULL
71,Merangin,1,4,87,NULL,NULL,NULL,NULL,NULL,1,NULL,NULL,NULL,NULL,0,NULL,NULL
72,Muaro Jambi,1,4,87,NULL,NULL,NULL,NULL,NULL,1,NULL,NULL,NULL,NULL,0,NULL,NULL
73,Sarolangun,1,4,87,NULL,NULL,NULL,NULL,NULL,1,NULL,NULL,NULL,NULL,0,NULL,NULL
74,Tanjung Jabung Barat,1,4,87,NULL,NULL,NULL,NULL,NULL,1,NULL,NULL,NULL,NULL,0,NULL,NULL
75,Tanjung Jabung Timur,1,4,87,NULL,NULL,NULL,NULL,NULL,1,NULL,NULL,NULL,NULL,0,NULL,NULL
76,Tebo,1,4,87,NULL,NULL,NULL,NULL,NULL,1,NULL,NULL,NULL,NULL,0,NULL,NULL
77,Jambi,3,4,87,NULL,NULL,NULL,NULL,NULL,1,NULL,NULL,NULL,NULL,0,NULL,NULL
78,Sungai Penuh,3,4,87,NULL,NULL,NULL,NULL,NULL,1,NULL,NULL,NULL,NULL,0,NULL,NULL
79,Bengkalis,1,5,87,NULL,NULL,NULL,NULL,NULL,1,NULL,NULL,NULL,NULL,0,NULL,NULL
80,Indragiri Hilir,1,5,87,NULL,NULL,NULL,NULL,NULL,1,NULL,NULL,NULL,NULL,0,NULL,NULL
81,Indragiri Hulu,1,5,87,NULL,NULL,NULL,NULL,NULL,1,NULL,NULL,NULL,NULL,0,NULL,NULL
82,Kampar,1,5,87,NULL,NULL,NULL,NULL,NULL,1,NULL,NULL,NULL,NULL,0,NULL,NULL
83,Kuantan Singingi,1,5,87,NULL,NULL,NULL,NULL,NULL,1,NULL,NULL,NULL,NULL,0,NULL,NULL
84,Pelalawan,1,5,87,NULL,NULL,NULL,NULL,NULL,1,NULL,NULL,NULL,NULL,0,NULL,NULL
85,Rokan Hilir,1,5,87,NULL,NULL,NULL,NULL,NULL,1,NULL,NULL,NULL,NULL,0,NULL,NULL
86,Rokan Hulu,1,5,87,NULL,NULL,NULL,NULL,NULL,1,NULL,NULL,NULL,NULL,0,NULL,NULL
87,Siak,1,5,87,NULL,NULL,NULL,NULL,NULL,1,NULL,NULL,NULL,NULL,0,NULL,NULL
88,Pekanbaru,3,5,87,NULL,NULL,NULL,NULL,NULL,1,NULL,NULL,NULL,NULL,0,NULL,NULL
89,Dumai,3,5,87,NULL,NULL,NULL,NULL,NULL,1,NULL,NULL,NULL,NULL,0,NULL,NULL
90,Kepulauan Meranti,1,5,87,NULL,NULL,NULL,NULL,NULL,1,NULL,NULL,NULL,NULL,0,NULL,NULL
91,Agam,1,6,87,NULL,NULL,NULL,NULL,NULL,1,NULL,NULL,NULL,NULL,0,NULL,NULL
92,Dharmasraya,1,6,87,NULL,NULL,NULL,NULL,NULL,1,NULL,NULL,NULL,NULL,0,NULL,NULL
93,Kepulauan Mentawai,1,6,87,NULL,NULL,NULL,NULL,NULL,1,NULL,NULL,NULL,NULL,0,NULL,NULL
94,Lima Puluh Kota,1,6,87,NULL,NULL,NULL,NULL,NULL,1,NULL,NULL,NULL,NULL,0,NULL,NULL
95,Padang Pariaman,1,6,87,NULL,NULL,NULL,NULL,NULL,1,NULL,NULL,NULL,NULL,0,NULL,NULL
96,Pasaman,1,6,87,NULL,NULL,NULL,NULL,NULL,1,NULL,NULL,NULL,NULL,0,NULL,NULL
97,Pasaman Barat,1,6,87,NULL,NULL,NULL,NULL,NULL,1,NULL,NULL,NULL,NULL,0,NULL,NULL
98,Pesisir Selatan,1,6,87,NULL,NULL,NULL,NULL,NULL,1,NULL,NULL,NULL,NULL,0,NULL,NULL
99,Sijunjung,1,6,87,NULL,NULL,NULL,NULL,NULL,1,NULL,NULL,NULL,NULL,0,NULL,NULL
100,Solok,1,6,87,NULL,NULL,NULL,NULL,NULL,1,NULL,NULL,NULL,NULL,0,NULL,NULL
101,Solok Selatan,1,6,87,NULL,NULL,NULL,NULL,NULL,1,NULL,NULL,NULL,NULL,0,NULL,NULL
102,Tanah Datar,1,6,87,NULL,NULL,NULL,NULL,NULL,1,NULL,NULL,NULL,NULL,0,NULL,NULL
103,Bukittinggi,3,6,87,NULL,NULL,NULL,NULL,NULL,1,NULL,NULL,NULL,NULL,0,NULL,NULL
104,Padang,3,6,87,NULL,NULL,NULL,NULL,NULL,1,NULL,NULL,NULL,NULL,0,NULL,NULL
105,Padangpanjang,3,6,87,NULL,NULL,NULL,NULL,NULL,1,NULL,NULL,NULL,NULL,0,NULL,NULL
106,Pariaman,3,6,87,NULL,NULL,NULL,NULL,NULL,1,NULL,NULL,NULL,NULL,0,NULL,NULL
107,Payakumbuh,3,6,87,NULL,NULL,NULL,NULL,NULL,1,NULL,NULL,NULL,NULL,0,NULL,NULL
108,Sawahlunto,3,6,87,NULL,NULL,NULL,NULL,NULL,1,NULL,NULL,NULL,NULL,0,NULL,NULL
109,Solok,3,6,87,NULL,NULL,NULL,NULL,NULL,1,NULL,NULL,NULL,NULL,0,NULL,NULL
110,Banyuasin,1,7,87,NULL,NULL,NULL,NULL,NULL,1,NULL,NULL,NULL,NULL,0,NULL,NULL
111,Empat Lawang,1,7,87,NULL,NULL,NULL,NULL,NULL,1,NULL,NULL,NULL,NULL,0,NULL,NULL
112,Lahat,1,7,87,NULL,NULL,NULL,NULL,NULL,1,NULL,NULL,NULL,NULL,0,NULL,NULL
113,Muara Enim,1,7,87,NULL,NULL,NULL,NULL,NULL,1,NULL,NULL,NULL,NULL,0,NULL,NULL
114,Musi Banyuasin,1,7,87,NULL,NULL,NULL,NULL,NULL,1,NULL,NULL,NULL,NULL,0,NULL,NULL
115,Musi Rawas,1,7,87,NULL,NULL,NULL,NULL,NULL,1,NULL,NULL,NULL,NULL,0,NULL,NULL
116,Ogan Ilir,1,7,87,NULL,NULL,NULL,NULL,NULL,1,NULL,NULL,NULL,NULL,0,NULL,NULL
117,Ogan Komering Ilir,1,7,87,NULL,NULL,NULL,NULL,NULL,1,NULL,NULL,NULL,NULL,0,NULL,NULL
118,Ogan Komering Ulu,1,7,87,NULL,NULL,NULL,NULL,NULL,1,NULL,NULL,NULL,NULL,0,NULL,NULL
119,Ogan Komering Ulu Se,1,7,87,NULL,NULL,NULL,NULL,NULL,1,NULL,NULL,NULL,NULL,0,NULL,NULL
120,Ogan Komering Ulu Ti,1,7,87,NULL,NULL,NULL,NULL,NULL,1,NULL,NULL,NULL,NULL,0,NULL,NULL
121,Lubuklinggau,3,7,87,NULL,NULL,NULL,NULL,NULL,1,NULL,NULL,NULL,NULL,0,NULL,NULL
122,Pagar Alam,3,7,87,NULL,NULL,NULL,NULL,NULL,1,NULL,NULL,NULL,NULL,0,NULL,NULL
123,Palembang,3,7,87,NULL,NULL,NULL,NULL,NULL,1,NULL,NULL,NULL,NULL,0,NULL,NULL
124,Prabumulih,3,7,87,NULL,NULL,NULL,NULL,NULL,1,NULL,NULL,NULL,NULL,0,NULL,NULL
125,Lampung Barat,1,8,87,NULL,NULL,NULL,NULL,NULL,1,NULL,NULL,NULL,NULL,0,NULL,NULL
126,Lampung Selatan,1,8,87,NULL,NULL,NULL,NULL,NULL,1,NULL,NULL,NULL,NULL,0,NULL,NULL
127,Lampung Tengah,1,8,87,NULL,NULL,NULL,NULL,NULL,1,NULL,NULL,NULL,NULL,0,NULL,NULL
128,Lampung Timur,1,8,87,NULL,NULL,NULL,NULL,NULL,1,NULL,NULL,NULL,NULL,0,NULL,NULL
129,Lampung Utara,1,8,87,NULL,NULL,NULL,NULL,NULL,1,NULL,NULL,NULL,NULL,0,NULL,NULL
130,Mesuji,1,8,87,NULL,NULL,NULL,NULL,NULL,1,NULL,NULL,NULL,NULL,0,NULL,NULL
131,Pesawaran,1,8,87,NULL,NULL,NULL,NULL,NULL,1,NULL,NULL,NULL,NULL,0,NULL,NULL
132,Pringsewu,1,8,87,NULL,NULL,NULL,NULL,NULL,1,NULL,NULL,NULL,NULL,0,NULL,NULL
133,Tanggamus,1,8,87,NULL,NULL,NULL,NULL,NULL,1,NULL,NULL,NULL,NULL,0,NULL,NULL
134,Tulang Bawang,1,8,87,NULL,NULL,NULL,NULL,NULL,1,NULL,NULL,NULL,NULL,0,NULL,NULL
135,Tulang Bawang Barat,1,8,87,NULL,NULL,NULL,NULL,NULL,1,NULL,NULL,NULL,NULL,0,NULL,NULL
136,Way Kanan,1,8,87,NULL,NULL,NULL,NULL,NULL,1,NULL,NULL,NULL,NULL,0,NULL,NULL
137,Bandar Lampung,3,8,87,NULL,NULL,NULL,NULL,NULL,1,NULL,NULL,NULL,NULL,0,NULL,NULL
138,Metro,3,8,87,NULL,NULL,NULL,NULL,NULL,1,NULL,NULL,NULL,NULL,0,NULL,NULL
139,Bangka,1,9,87,NULL,NULL,NULL,NULL,NULL,1,NULL,NULL,NULL,NULL,0,NULL,NULL
140,Bangka Barat,1,9,87,NULL,NULL,NULL,NULL,NULL,1,NULL,NULL,NULL,NULL,0,NULL,NULL
141,Bangka Selatan,1,9,87,NULL,NULL,NULL,NULL,NULL,1,NULL,NULL,NULL,NULL,0,NULL,NULL
142,Bangka Tengah,1,9,87,NULL,NULL,NULL,NULL,NULL,1,NULL,NULL,NULL,NULL,0,NULL,NULL
143,Belitung,1,9,87,NULL,NULL,NULL,NULL,NULL,1,NULL,NULL,NULL,NULL,0,NULL,NULL
144,Belitung Timur,1,9,87,NULL,NULL,NULL,NULL,NULL,1,NULL,NULL,NULL,NULL,0,NULL,NULL
145,Pangkal Pinang,3,9,87,NULL,NULL,NULL,NULL,NULL,1,NULL,NULL,NULL,NULL,0,NULL,NULL
146,Bintan,1,10,87,NULL,NULL,NULL,NULL,NULL,1,NULL,NULL,NULL,NULL,0,NULL,NULL
147,Karimun,1,10,87,NULL,NULL,NULL,NULL,NULL,1,NULL,NULL,NULL,NULL,0,NULL,NULL
148,Kepulauan Anambas,1,10,87,NULL,NULL,NULL,NULL,NULL,1,NULL,NULL,NULL,NULL,0,NULL,NULL
149,Lingga,1,10,87,NULL,NULL,NULL,NULL,NULL,1,NULL,NULL,NULL,NULL,0,NULL,NULL
150,Natuna,1,10,87,NULL,NULL,NULL,NULL,NULL,1,NULL,NULL,NULL,NULL,0,NULL,NULL
151,Batam,3,10,87,NULL,NULL,NULL,NULL,NULL,1,NULL,NULL,NULL,NULL,0,NULL,NULL
152,Tanjung Pinang,3,10,87,NULL,NULL,NULL,NULL,NULL,1,NULL,NULL,NULL,NULL,0,NULL,NULL
153,Lebak,1,11,87,NULL,NULL,NULL,NULL,NULL,1,NULL,NULL,NULL,NULL,0,NULL,NULL
154,Pandeglang,1,11,87,NULL,NULL,NULL,NULL,NULL,1,NULL,NULL,NULL,NULL,0,NULL,NULL
155,Serang,1,11,87,NULL,NULL,NULL,NULL,NULL,1,NULL,NULL,NULL,NULL,0,NULL,NULL
156,Tangerang,1,11,87,NULL,NULL,NULL,NULL,NULL,1,NULL,NULL,NULL,NULL,0,NULL,NULL
157,Cilegon,3,11,87,NULL,NULL,NULL,NULL,NULL,1,NULL,NULL,NULL,NULL,0,NULL,NULL
158,Serang,3,11,87,NULL,NULL,NULL,NULL,NULL,1,NULL,NULL,NULL,NULL,0,NULL,NULL
159,Tangerang,3,11,87,NULL,NULL,NULL,NULL,NULL,1,NULL,NULL,NULL,NULL,0,NULL,NULL
160,Tangerang Selatan,3,11,87,NULL,NULL,NULL,NULL,NULL,1,NULL,NULL,NULL,NULL,0,NULL,NULL
161,Bandung,1,12,87,NULL,NULL,NULL,NULL,NULL,1,NULL,NULL,NULL,NULL,0,NULL,NULL
162,Bandung Barat,1,12,87,NULL,NULL,NULL,NULL,NULL,1,NULL,NULL,NULL,NULL,0,NULL,NULL
163,Bekasi,1,12,87,NULL,NULL,NULL,NULL,NULL,1,NULL,NULL,NULL,NULL,0,NULL,NULL
164,Bogor,1,12,87,NULL,NULL,NULL,NULL,NULL,1,NULL,NULL,NULL,NULL,0,NULL,NULL
165,Ciamis,1,12,87,NULL,NULL,NULL,NULL,NULL,1,NULL,NULL,NULL,NULL,0,NULL,NULL
166,Cianjur,1,12,87,NULL,NULL,NULL,NULL,NULL,1,NULL,NULL,NULL,NULL,0,NULL,NULL
167,Cirebon,1,12,87,NULL,NULL,NULL,NULL,NULL,1,NULL,NULL,NULL,NULL,0,NULL,NULL
168,Garut,1,12,87,NULL,NULL,NULL,NULL,NULL,1,NULL,NULL,NULL,NULL,0,NULL,NULL
169,Indramayu,1,12,87,NULL,NULL,NULL,NULL,NULL,1,NULL,NULL,NULL,NULL,0,NULL,NULL
170,Karawang,1,12,87,NULL,NULL,NULL,NULL,NULL,1,NULL,NULL,NULL,NULL,0,NULL,NULL
171,Kuningan,1,12,87,NULL,NULL,NULL,NULL,NULL,1,NULL,NULL,NULL,NULL,0,NULL,NULL
172,Majalengka,1,12,87,NULL,NULL,NULL,NULL,NULL,1,NULL,NULL,NULL,NULL,0,NULL,NULL
173,Purwakarta,1,12,87,NULL,NULL,NULL,NULL,NULL,1,NULL,NULL,NULL,NULL,0,NULL,NULL
174,Subang,1,12,87,NULL,NULL,NULL,NULL,NULL,1,NULL,NULL,NULL,NULL,0,NULL,NULL
175,Sukabumi,1,12,87,NULL,NULL,NULL,NULL,NULL,1,NULL,NULL,NULL,NULL,0,NULL,NULL
176,Sumedang,1,12,87,NULL,NULL,NULL,NULL,NULL,1,NULL,NULL,NULL,NULL,0,NULL,NULL
177,Tasikmalaya,1,12,87,NULL,NULL,NULL,NULL,NULL,1,NULL,NULL,NULL,NULL,0,NULL,NULL
178,Bandung,3,12,87,NULL,NULL,NULL,NULL,NULL,1,NULL,NULL,NULL,NULL,0,NULL,NULL
179,Banjar,3,12,87,NULL,NULL,NULL,NULL,NULL,1,NULL,NULL,NULL,NULL,0,NULL,NULL
180,Bekasi,3,12,87,NULL,NULL,NULL,NULL,NULL,1,NULL,NULL,NULL,NULL,0,NULL,NULL
181,Bogor,3,12,87,NULL,NULL,NULL,NULL,NULL,1,NULL,NULL,NULL,NULL,0,NULL,NULL
182,Cimahi,3,12,87,NULL,NULL,NULL,NULL,NULL,1,NULL,NULL,NULL,NULL,0,NULL,NULL
183,Cirebon,3,12,87,NULL,NULL,NULL,NULL,NULL,1,NULL,NULL,NULL,NULL,0,NULL,NULL
184,Depok,3,12,87,NULL,NULL,NULL,NULL,NULL,1,NULL,NULL,NULL,NULL,0,NULL,NULL
185,Sukabumi,3,12,87,NULL,NULL,NULL,NULL,NULL,1,NULL,NULL,NULL,NULL,0,NULL,NULL
186,Tasikmalaya,3,12,87,NULL,NULL,NULL,NULL,NULL,1,NULL,NULL,NULL,NULL,0,NULL,NULL
187,Kepulauan Seribu,2,13,87,NULL,NULL,NULL,NULL,NULL,1,NULL,NULL,NULL,NULL,0,NULL,NULL
188,Jakarta Barat,4,13,87,NULL,NULL,NULL,NULL,NULL,1,NULL,NULL,NULL,NULL,0,NULL,NULL
189,Jakarta Pusat,4,13,87,NULL,NULL,NULL,NULL,NULL,1,NULL,NULL,NULL,NULL,0,NULL,NULL
190,Jakarta Selatan,4,13,87,NULL,NULL,NULL,NULL,NULL,1,NULL,NULL,NULL,NULL,0,NULL,NULL
191,Jakarta Timur,4,13,87,NULL,NULL,NULL,NULL,NULL,1,NULL,NULL,NULL,NULL,0,NULL,NULL
192,Jakarta Utara,4,13,87,NULL,NULL,NULL,NULL,NULL,1,NULL,NULL,NULL,NULL,0,NULL,NULL
193,Banjarnegara,1,14,87,NULL,NULL,NULL,NULL,NULL,1,NULL,NULL,NULL,NULL,0,NULL,NULL
194,Banyumas,1,14,87,NULL,NULL,NULL,NULL,NULL,1,NULL,NULL,NULL,NULL,0,NULL,NULL
195,Batang,1,14,87,NULL,NULL,NULL,NULL,NULL,1,NULL,NULL,NULL,NULL,0,NULL,NULL
196,Blora,1,14,87,NULL,NULL,NULL,NULL,NULL,1,NULL,NULL,NULL,NULL,0,NULL,NULL
197,Boyolali,1,14,87,NULL,NULL,NULL,NULL,NULL,1,NULL,NULL,NULL,NULL,0,NULL,NULL
198,Brebes,1,14,87,NULL,NULL,NULL,NULL,NULL,1,NULL,NULL,NULL,NULL,0,NULL,NULL
199,Cilacap,1,14,87,NULL,NULL,NULL,NULL,NULL,1,NULL,NULL,NULL,NULL,0,NULL,NULL
200,Demak,1,14,87,NULL,NULL,NULL,NULL,NULL,1,NULL,NULL,NULL,NULL,0,NULL,NULL
201,Grobogan,1,14,87,NULL,NULL,NULL,NULL,NULL,1,NULL,NULL,NULL,NULL,0,NULL,NULL
202,Jepara,1,14,87,NULL,NULL,NULL,NULL,NULL,1,NULL,NULL,NULL,NULL,0,NULL,NULL
203,Karanganyar,1,14,87,NULL,NULL,NULL,NULL,NULL,1,NULL,NULL,NULL,NULL,0,NULL,NULL
204,Kebumen,1,14,87,NULL,NULL,NULL,NULL,NULL,1,NULL,NULL,NULL,NULL,0,NULL,NULL
205,Kendal,1,14,87,NULL,NULL,NULL,NULL,NULL,1,NULL,NULL,NULL,NULL,0,NULL,NULL
206,Klaten,1,14,87,NULL,NULL,NULL,NULL,NULL,1,NULL,NULL,NULL,NULL,0,NULL,NULL
207,Kudus,1,14,87,NULL,NULL,NULL,NULL,NULL,1,NULL,NULL,NULL,NULL,0,NULL,NULL
208,Magelang,1,14,87,NULL,NULL,NULL,NULL,NULL,1,NULL,NULL,NULL,NULL,0,NULL,NULL
209,Pati,1,14,87,NULL,NULL,NULL,NULL,NULL,1,NULL,NULL,NULL,NULL,0,NULL,NULL
210,Pekalongan,1,14,87,NULL,NULL,NULL,NULL,NULL,1,NULL,NULL,NULL,NULL,0,NULL,NULL
211,Pemalang,1,14,87,NULL,NULL,NULL,NULL,NULL,1,NULL,NULL,NULL,NULL,0,NULL,NULL
212,Purbalingga,1,14,87,NULL,NULL,NULL,NULL,NULL,1,NULL,NULL,NULL,NULL,0,NULL,NULL
213,Purworejo,1,14,87,NULL,NULL,NULL,NULL,NULL,1,NULL,NULL,NULL,NULL,0,NULL,NULL
214,Rembang,1,14,87,NULL,NULL,NULL,NULL,NULL,1,NULL,NULL,NULL,NULL,0,NULL,NULL
215,Semarang,1,14,87,NULL,NULL,NULL,NULL,NULL,1,NULL,NULL,NULL,NULL,0,NULL,NULL
216,Sragen,1,14,87,NULL,NULL,NULL,NULL,NULL,1,NULL,NULL,NULL,NULL,0,NULL,NULL
217,Sukoharjo,1,14,87,NULL,NULL,NULL,NULL,NULL,1,NULL,NULL,NULL,NULL,0,NULL,NULL
218,Tegal,1,14,87,NULL,NULL,NULL,NULL,NULL,1,NULL,NULL,NULL,NULL,0,NULL,NULL
219,Temanggung,1,14,87,NULL,NULL,NULL,NULL,NULL,1,NULL,NULL,NULL,NULL,0,NULL,NULL
220,Wonogiri,1,14,87,NULL,NULL,NULL,NULL,NULL,1,NULL,NULL,NULL,NULL,0,NULL,NULL
221,Wonosobo,1,14,87,NULL,NULL,NULL,NULL,NULL,1,NULL,NULL,NULL,NULL,0,NULL,NULL
222,Magelang,3,14,87,NULL,NULL,NULL,NULL,NULL,1,NULL,NULL,NULL,NULL,0,NULL,NULL
223,Pekalongan,3,14,87,NULL,NULL,NULL,NULL,NULL,1,NULL,NULL,NULL,NULL,0,NULL,NULL
224,Salatiga,3,14,87,NULL,NULL,NULL,NULL,NULL,1,NULL,NULL,NULL,NULL,0,NULL,NULL
225,Semarang,3,14,87,NULL,NULL,NULL,NULL,NULL,1,NULL,NULL,NULL,NULL,0,NULL,NULL
226,Surakarta,3,14,87,NULL,NULL,NULL,NULL,NULL,1,NULL,NULL,NULL,NULL,0,NULL,NULL
227,Tegal,3,14,87,NULL,NULL,NULL,NULL,NULL,1,NULL,NULL,NULL,NULL,0,NULL,NULL
228,Bangkalan,1,15,87,NULL,NULL,NULL,NULL,NULL,1,NULL,NULL,NULL,NULL,0,NULL,NULL
229,Banyuwangi,1,15,87,NULL,NULL,NULL,NULL,NULL,1,NULL,NULL,NULL,NULL,0,NULL,NULL
230,Blitar,1,15,87,NULL,NULL,NULL,NULL,NULL,1,NULL,NULL,NULL,NULL,0,NULL,NULL
231,Bojonegoro,1,15,87,NULL,NULL,NULL,NULL,NULL,1,NULL,NULL,NULL,NULL,0,NULL,NULL
232,Bondowoso,1,15,87,NULL,NULL,NULL,NULL,NULL,1,NULL,NULL,NULL,NULL,0,NULL,NULL
233,Gresik,1,15,87,NULL,NULL,NULL,NULL,NULL,1,NULL,NULL,NULL,NULL,0,NULL,NULL
234,Jember,1,15,87,NULL,NULL,NULL,NULL,NULL,1,NULL,NULL,NULL,NULL,0,NULL,NULL
235,Jombang,1,15,87,NULL,NULL,NULL,NULL,NULL,1,NULL,NULL,NULL,NULL,0,NULL,NULL
236,Kediri,1,15,87,NULL,NULL,NULL,NULL,NULL,1,NULL,NULL,NULL,NULL,0,NULL,NULL
237,Lamongan,1,15,87,NULL,NULL,NULL,NULL,NULL,1,NULL,NULL,NULL,NULL,0,NULL,NULL
238,Lumajang,1,15,87,NULL,NULL,NULL,NULL,NULL,1,NULL,NULL,NULL,NULL,0,NULL,NULL
239,Madiun,1,15,87,NULL,NULL,NULL,NULL,NULL,1,NULL,NULL,NULL,NULL,0,NULL,NULL
240,Magetan,1,15,87,NULL,NULL,NULL,NULL,NULL,1,NULL,NULL,NULL,NULL,0,NULL,NULL
241,Malang,1,15,87,NULL,NULL,NULL,NULL,NULL,1,NULL,NULL,NULL,NULL,0,NULL,NULL
242,Mojokerto,1,15,87,NULL,NULL,NULL,NULL,NULL,1,NULL,NULL,NULL,NULL,0,NULL,NULL
243,Nganjuk,1,15,87,NULL,NULL,NULL,NULL,NULL,1,NULL,NULL,NULL,NULL,0,NULL,NULL
244,Ngawi,1,15,87,NULL,NULL,NULL,NULL,NULL,1,NULL,NULL,NULL,NULL,0,NULL,NULL
245,Pacitan,1,15,87,NULL,NULL,NULL,NULL,NULL,1,NULL,NULL,NULL,NULL,0,NULL,NULL
246,Pamekasan,1,15,87,NULL,NULL,NULL,NULL,NULL,1,NULL,NULL,NULL,NULL,0,NULL,NULL
247,Pasuruan,1,15,87,NULL,NULL,NULL,NULL,NULL,1,NULL,NULL,NULL,NULL,0,NULL,NULL
248,Ponorogo,1,15,87,NULL,NULL,NULL,NULL,NULL,1,NULL,NULL,NULL,NULL,0,NULL,NULL
249,Probolinggo,1,15,87,NULL,NULL,NULL,NULL,NULL,1,NULL,NULL,NULL,NULL,0,NULL,NULL
250,Sampang,1,15,87,NULL,NULL,NULL,NULL,NULL,1,NULL,NULL,NULL,NULL,0,NULL,NULL
251,Sidoarjo,1,15,87,NULL,NULL,NULL,NULL,NULL,1,NULL,NULL,NULL,NULL,0,NULL,NULL
252,Situbondo,1,15,87,NULL,NULL,NULL,NULL,NULL,1,NULL,NULL,NULL,NULL,0,NULL,NULL
253,Sumenep,1,15,87,NULL,NULL,NULL,NULL,NULL,1,NULL,NULL,NULL,NULL,0,NULL,NULL
254,Trenggalek,1,15,87,NULL,NULL,NULL,NULL,NULL,1,NULL,NULL,NULL,NULL,0,NULL,NULL
255,Tuban,1,15,87,NULL,NULL,NULL,NULL,NULL,1,NULL,NULL,NULL,NULL,0,NULL,NULL
256,Tulungagung,1,15,87,NULL,NULL,NULL,NULL,NULL,1,NULL,NULL,NULL,NULL,0,NULL,NULL
257,Batu,3,15,87,NULL,NULL,NULL,NULL,NULL,1,NULL,NULL,NULL,NULL,0,NULL,NULL
258,Blitar,3,15,87,NULL,NULL,NULL,NULL,NULL,1,NULL,NULL,NULL,NULL,0,NULL,NULL
259,Kediri,3,15,87,NULL,NULL,NULL,NULL,NULL,1,NULL,NULL,NULL,NULL,0,NULL,NULL
260,Madiun,3,15,87,NULL,NULL,NULL,NULL,NULL,1,NULL,NULL,NULL,NULL,0,NULL,NULL
261,Malang,3,15,87,NULL,NULL,NULL,NULL,NULL,1,NULL,NULL,NULL,NULL,0,NULL,NULL
262,Mojokerto,3,15,87,NULL,NULL,NULL,NULL,NULL,1,NULL,NULL,NULL,NULL,0,NULL,NULL
263,Pasuruan,3,15,87,NULL,NULL,NULL,NULL,NULL,1,NULL,NULL,NULL,NULL,0,NULL,NULL
264,Probolinggo,3,15,87,NULL,NULL,NULL,NULL,NULL,1,NULL,NULL,NULL,NULL,0,NULL,NULL
265,Surabaya,3,15,87,NULL,NULL,NULL,NULL,NULL,1,NULL,NULL,NULL,NULL,0,NULL,NULL
266,Bantul,1,16,87,NULL,NULL,NULL,NULL,NULL,1,NULL,NULL,NULL,NULL,0,NULL,NULL
267,Gunung Kidul,1,16,87,NULL,NULL,NULL,NULL,NULL,1,NULL,NULL,NULL,NULL,0,NULL,NULL
268,Kulon Progo,1,16,87,NULL,NULL,NULL,NULL,NULL,1,NULL,NULL,NULL,NULL,0,NULL,NULL
269,Sleman,1,16,87,NULL,NULL,NULL,NULL,NULL,1,NULL,NULL,NULL,NULL,0,NULL,NULL
270,Yogyakarta,3,16,87,NULL,NULL,NULL,NULL,NULL,1,NULL,NULL,NULL,NULL,0,NULL,NULL
271,Badung,1,17,87,NULL,NULL,NULL,NULL,NULL,1,NULL,NULL,NULL,NULL,0,NULL,NULL
272,Bangli,1,17,87,NULL,NULL,NULL,NULL,NULL,1,NULL,NULL,NULL,NULL,0,NULL,NULL
273,Buleleng,1,17,87,NULL,NULL,NULL,NULL,NULL,1,NULL,NULL,NULL,NULL,0,NULL,NULL
274,Gianyar,1,17,87,NULL,NULL,NULL,NULL,NULL,1,NULL,NULL,NULL,NULL,0,NULL,NULL
275,Jembrana,1,17,87,NULL,NULL,NULL,NULL,NULL,1,NULL,NULL,NULL,NULL,0,NULL,NULL
276,Karangasem,1,17,87,NULL,NULL,NULL,NULL,NULL,1,NULL,NULL,NULL,NULL,0,NULL,NULL
277,Klungkung,1,17,87,NULL,NULL,NULL,NULL,NULL,1,NULL,NULL,NULL,NULL,0,NULL,NULL
278,Tabanan,1,17,87,NULL,NULL,NULL,NULL,NULL,1,NULL,NULL,NULL,NULL,0,NULL,NULL
279,Denpasar,3,17,87,NULL,NULL,NULL,NULL,NULL,1,NULL,NULL,NULL,NULL,0,NULL,NULL
280,Bima,1,18,87,NULL,NULL,NULL,NULL,NULL,1,NULL,NULL,NULL,NULL,0,NULL,NULL
281,Dompu,1,18,87,NULL,NULL,NULL,NULL,NULL,1,NULL,NULL,NULL,NULL,0,NULL,NULL
282,Lombok Barat,1,18,87,NULL,NULL,NULL,NULL,NULL,1,NULL,NULL,NULL,NULL,0,NULL,NULL
283,Lombok Tengah,1,18,87,NULL,NULL,NULL,NULL,NULL,1,NULL,NULL,NULL,NULL,0,NULL,NULL
284,Lombok Timur,1,18,87,NULL,NULL,NULL,NULL,NULL,1,NULL,NULL,NULL,NULL,0,NULL,NULL
285,Lombok Utara,1,18,87,NULL,NULL,NULL,NULL,NULL,1,NULL,NULL,NULL,NULL,0,NULL,NULL
286,Sumbawa,1,18,87,NULL,NULL,NULL,NULL,NULL,1,NULL,NULL,NULL,NULL,0,NULL,NULL
287,Sumbawa Barat,1,18,87,NULL,NULL,NULL,NULL,NULL,1,NULL,NULL,NULL,NULL,0,NULL,NULL
288,Bima,3,18,87,NULL,NULL,NULL,NULL,NULL,1,NULL,NULL,NULL,NULL,0,NULL,NULL
289,Mataram,3,18,87,NULL,NULL,NULL,NULL,NULL,1,NULL,NULL,NULL,NULL,0,NULL,NULL
290,Kupang,1,19,87,NULL,NULL,NULL,NULL,NULL,1,NULL,NULL,NULL,NULL,0,NULL,NULL
291,Timor Tengah Selatan,1,19,87,NULL,NULL,NULL,NULL,NULL,1,NULL,NULL,NULL,NULL,0,NULL,NULL
292,Timor Tengah Utara,1,19,87,NULL,NULL,NULL,NULL,NULL,1,NULL,NULL,NULL,NULL,0,NULL,NULL
293,Belu,1,19,87,NULL,NULL,NULL,NULL,NULL,1,NULL,NULL,NULL,NULL,0,NULL,NULL
294,Alor,1,19,87,NULL,NULL,NULL,NULL,NULL,1,NULL,NULL,NULL,NULL,0,NULL,NULL
295,Flores Timur,1,19,87,NULL,NULL,NULL,NULL,NULL,1,NULL,NULL,NULL,NULL,0,NULL,NULL
296,Sikka,1,19,87,NULL,NULL,NULL,NULL,NULL,1,NULL,NULL,NULL,NULL,0,NULL,NULL
297,Ende,1,19,87,NULL,NULL,NULL,NULL,NULL,1,NULL,NULL,NULL,NULL,0,NULL,NULL
298,Ngada,1,19,87,NULL,NULL,NULL,NULL,NULL,1,NULL,NULL,NULL,NULL,0,NULL,NULL
299,Manggarai,1,19,87,NULL,NULL,NULL,NULL,NULL,1,NULL,NULL,NULL,NULL,0,NULL,NULL
300,Sumba Timur,1,19,87,NULL,NULL,NULL,NULL,NULL,1,NULL,NULL,NULL,NULL,0,NULL,NULL
301,Sumba Barat,1,19,87,NULL,NULL,NULL,NULL,NULL,1,NULL,NULL,NULL,NULL,0,NULL,NULL
302,Lembata,1,19,87,NULL,NULL,NULL,NULL,NULL,1,NULL,NULL,NULL,NULL,0,NULL,NULL
303,Rote Ndao,1,19,87,NULL,NULL,NULL,NULL,NULL,1,NULL,NULL,NULL,NULL,0,NULL,NULL
304,Manggarai Barat,1,19,87,NULL,NULL,NULL,NULL,NULL,1,NULL,NULL,NULL,NULL,0,NULL,NULL
305,Nagekeo,1,19,87,NULL,NULL,NULL,NULL,NULL,1,NULL,NULL,NULL,NULL,0,NULL,NULL
306,Sumba Tengah,1,19,87,NULL,NULL,NULL,NULL,NULL,1,NULL,NULL,NULL,NULL,0,NULL,NULL
307,Sumba Barat Daya,1,19,87,NULL,NULL,NULL,NULL,NULL,1,NULL,NULL,NULL,NULL,0,NULL,NULL
308,Manggarai Timur,1,19,87,NULL,NULL,NULL,NULL,NULL,1,NULL,NULL,NULL,NULL,0,NULL,NULL
309,Sabu Raijua,1,19,87,NULL,NULL,NULL,NULL,NULL,1,NULL,NULL,NULL,NULL,0,NULL,NULL
310,Kupang,3,19,87,NULL,NULL,NULL,NULL,NULL,1,NULL,NULL,NULL,NULL,0,NULL,NULL
311,Bengkayang,1,20,87,NULL,NULL,NULL,NULL,NULL,1,NULL,NULL,NULL,NULL,0,NULL,NULL
312,Kapuas Hulu,1,20,87,NULL,NULL,NULL,NULL,NULL,1,NULL,NULL,NULL,NULL,0,NULL,NULL
313,Kayong Utara,1,20,87,NULL,NULL,NULL,NULL,NULL,1,NULL,NULL,NULL,NULL,0,NULL,NULL
314,Ketapang,1,20,87,NULL,NULL,NULL,NULL,NULL,1,NULL,NULL,NULL,NULL,0,NULL,NULL
315,Kubu Raya,1,20,87,NULL,NULL,NULL,NULL,NULL,1,NULL,NULL,NULL,NULL,0,NULL,NULL
316,Landak,1,20,87,NULL,NULL,NULL,NULL,NULL,1,NULL,NULL,NULL,NULL,0,NULL,NULL
317,Melawi,1,20,87,NULL,NULL,NULL,NULL,NULL,1,NULL,NULL,NULL,NULL,0,NULL,NULL
318,Pontianak,1,20,87,NULL,NULL,NULL,NULL,NULL,1,NULL,NULL,NULL,NULL,0,NULL,NULL
319,Sambas,1,20,87,NULL,NULL,NULL,NULL,NULL,1,NULL,NULL,NULL,NULL,0,NULL,NULL
320,Sanggau,1,20,87,NULL,NULL,NULL,NULL,NULL,1,NULL,NULL,NULL,NULL,0,NULL,NULL
321,Sekadau,1,20,87,NULL,NULL,NULL,NULL,NULL,1,NULL,NULL,NULL,NULL,0,NULL,NULL
322,Sintang,1,20,87,NULL,NULL,NULL,NULL,NULL,1,NULL,NULL,NULL,NULL,0,NULL,NULL
323,Pontianak,3,20,87,NULL,NULL,NULL,NULL,NULL,1,NULL,NULL,NULL,NULL,0,NULL,NULL
324,Singkawang,3,20,87,NULL,NULL,NULL,NULL,NULL,1,NULL,NULL,NULL,NULL,0,NULL,NULL
325,Balangan,1,21,87,NULL,NULL,NULL,NULL,NULL,1,NULL,NULL,NULL,NULL,0,NULL,NULL
326,Banjar,1,21,87,NULL,NULL,NULL,NULL,NULL,1,NULL,NULL,NULL,NULL,0,NULL,NULL
327,Barito Kuala,1,21,87,NULL,NULL,NULL,NULL,NULL,1,NULL,NULL,NULL,NULL,0,NULL,NULL
328,Hulu Sungai Selatan,1,21,87,NULL,NULL,NULL,NULL,NULL,1,NULL,NULL,NULL,NULL,0,NULL,NULL
329,Hulu Sungai Tengah,1,21,87,NULL,NULL,NULL,NULL,NULL,1,NULL,NULL,NULL,NULL,0,NULL,NULL
330,Hulu Sungai Utara,1,21,87,NULL,NULL,NULL,NULL,NULL,1,NULL,NULL,NULL,NULL,0,NULL,NULL
331,Kotabaru,1,21,87,NULL,NULL,NULL,NULL,NULL,1,NULL,NULL,NULL,NULL,0,NULL,NULL
332,Tabalong,1,21,87,NULL,NULL,NULL,NULL,NULL,1,NULL,NULL,NULL,NULL,0,NULL,NULL
333,Tanah Bumbu,1,21,87,NULL,NULL,NULL,NULL,NULL,1,NULL,NULL,NULL,NULL,0,NULL,NULL
334,Tanah Laut,1,21,87,NULL,NULL,NULL,NULL,NULL,1,NULL,NULL,NULL,NULL,0,NULL,NULL
335,Tapin,1,21,87,NULL,NULL,NULL,NULL,NULL,1,NULL,NULL,NULL,NULL,0,NULL,NULL
336,Banjarbaru,3,21,87,NULL,NULL,NULL,NULL,NULL,1,NULL,NULL,NULL,NULL,0,NULL,NULL
337,Banjarmasin,3,21,87,NULL,NULL,NULL,NULL,NULL,1,NULL,NULL,NULL,NULL,0,NULL,NULL
338,Barito Selatan,1,22,87,NULL,NULL,NULL,NULL,NULL,1,NULL,NULL,NULL,NULL,0,NULL,NULL
339,Barito Timur,1,22,87,NULL,NULL,NULL,NULL,NULL,1,NULL,NULL,NULL,NULL,0,NULL,NULL
340,Barito Utara,1,22,87,NULL,NULL,NULL,NULL,NULL,1,NULL,NULL,NULL,NULL,0,NULL,NULL
341,Gunung Mas,1,22,87,NULL,NULL,NULL,NULL,NULL,1,NULL,NULL,NULL,NULL,0,NULL,NULL
342,Kapuas,1,22,87,NULL,NULL,NULL,NULL,NULL,1,NULL,NULL,NULL,NULL,0,NULL,NULL
343,Katingan,1,22,87,NULL,NULL,NULL,NULL,NULL,1,NULL,NULL,NULL,NULL,0,NULL,NULL
344,Kotawaringin Barat,1,22,87,NULL,NULL,NULL,NULL,NULL,1,NULL,NULL,NULL,NULL,0,NULL,NULL
345,Kotawaringin Timur,1,22,87,NULL,NULL,NULL,NULL,NULL,1,NULL,NULL,NULL,NULL,0,NULL,NULL
346,Lamandau,1,22,87,NULL,NULL,NULL,NULL,NULL,1,NULL,NULL,NULL,NULL,0,NULL,NULL
347,Murung Raya,1,22,87,NULL,NULL,NULL,NULL,NULL,1,NULL,NULL,NULL,NULL,0,NULL,NULL
348,Pulang Pisau,1,22,87,NULL,NULL,NULL,NULL,NULL,1,NULL,NULL,NULL,NULL,0,NULL,NULL
349,Sukamara,1,22,87,NULL,NULL,NULL,NULL,NULL,1,NULL,NULL,NULL,NULL,0,NULL,NULL
350,Seruyan,1,22,87,NULL,NULL,NULL,NULL,NULL,1,NULL,NULL,NULL,NULL,0,NULL,NULL
351,Palangka Raya,3,22,87,NULL,NULL,NULL,NULL,NULL,1,NULL,NULL,NULL,NULL,0,NULL,NULL
352,Berau,1,23,87,NULL,NULL,NULL,NULL,NULL,1,NULL,NULL,NULL,NULL,0,NULL,NULL
353,Bulungan,1,23,87,NULL,NULL,NULL,NULL,NULL,1,NULL,NULL,NULL,NULL,0,NULL,NULL
354,Kutai Barat,1,23,87,NULL,NULL,NULL,NULL,NULL,1,NULL,NULL,NULL,NULL,0,NULL,NULL
355,Kutai Kartanegara,1,23,87,NULL,NULL,NULL,NULL,NULL,1,NULL,NULL,NULL,NULL,0,NULL,NULL
356,Kutai Timur,1,23,87,NULL,NULL,NULL,NULL,NULL,1,NULL,NULL,NULL,NULL,0,NULL,NULL
357,Malinau,1,23,87,NULL,NULL,NULL,NULL,NULL,1,NULL,NULL,NULL,NULL,0,NULL,NULL
358,Nunukan,1,23,87,NULL,NULL,NULL,NULL,NULL,1,NULL,NULL,NULL,NULL,0,NULL,NULL
359,Paser,1,23,87,NULL,NULL,NULL,NULL,NULL,1,NULL,NULL,NULL,NULL,0,NULL,NULL
360,Penajam Paser Utara,1,23,87,NULL,NULL,NULL,NULL,NULL,1,NULL,NULL,NULL,NULL,0,NULL,NULL
361,Tana Tidung,1,23,87,NULL,NULL,NULL,NULL,NULL,1,NULL,NULL,NULL,NULL,0,NULL,NULL
362,Balikpapan,3,23,87,NULL,NULL,NULL,NULL,NULL,1,NULL,NULL,NULL,NULL,0,NULL,NULL
363,Bontang,3,23,87,NULL,NULL,NULL,NULL,NULL,1,NULL,NULL,NULL,NULL,0,NULL,NULL
364,Samarinda,3,23,87,NULL,NULL,NULL,NULL,NULL,1,NULL,NULL,NULL,NULL,0,NULL,NULL
365,Tarakan,3,23,87,NULL,NULL,NULL,NULL,NULL,1,NULL,NULL,NULL,NULL,0,NULL,NULL
366,Boalemo,1,24,87,NULL,NULL,NULL,NULL,NULL,1,NULL,NULL,NULL,NULL,0,NULL,NULL
367,Bone Bolango,1,24,87,NULL,NULL,NULL,NULL,NULL,1,NULL,NULL,NULL,NULL,0,NULL,NULL
368,Gorontalo,1,24,87,NULL,NULL,NULL,NULL,NULL,1,NULL,NULL,NULL,NULL,0,NULL,NULL
369,Gorontalo Utara,1,24,87,NULL,NULL,NULL,NULL,NULL,1,NULL,NULL,NULL,NULL,0,NULL,NULL
370,Pohuwato,1,24,87,NULL,NULL,NULL,NULL,NULL,1,NULL,NULL,NULL,NULL,0,NULL,NULL
371,Gorontalo,3,24,87,NULL,NULL,NULL,NULL,NULL,1,NULL,NULL,NULL,NULL,0,NULL,NULL
372,Bantaeng,1,25,87,NULL,NULL,NULL,NULL,NULL,1,NULL,NULL,NULL,NULL,0,NULL,NULL
373,Barru,1,25,87,NULL,NULL,NULL,NULL,NULL,1,NULL,NULL,NULL,NULL,0,NULL,NULL
374,Bone,1,25,87,NULL,NULL,NULL,NULL,NULL,1,NULL,NULL,NULL,NULL,0,NULL,NULL
375,Bulukumba,1,25,87,NULL,NULL,NULL,NULL,NULL,1,NULL,NULL,NULL,NULL,0,NULL,NULL
376,Enrekang,1,25,87,NULL,NULL,NULL,NULL,NULL,1,NULL,NULL,NULL,NULL,0,NULL,NULL
377,Gowa,1,25,87,NULL,NULL,NULL,NULL,NULL,1,NULL,NULL,NULL,NULL,0,NULL,NULL
378,Jeneponto,1,25,87,NULL,NULL,NULL,NULL,NULL,1,NULL,NULL,NULL,NULL,0,NULL,NULL
379,Kepulauan Selayar,1,25,87,NULL,NULL,NULL,NULL,NULL,1,NULL,NULL,NULL,NULL,0,NULL,NULL
380,Luwu,1,25,87,NULL,NULL,NULL,NULL,NULL,1,NULL,NULL,NULL,NULL,0,NULL,NULL
381,Luwu Timur,1,25,87,NULL,NULL,NULL,NULL,NULL,1,NULL,NULL,NULL,NULL,0,NULL,NULL
382,Luwu Utara,1,25,87,NULL,NULL,NULL,NULL,NULL,1,NULL,NULL,NULL,NULL,0,NULL,NULL
383,Maros,1,25,87,NULL,NULL,NULL,NULL,NULL,1,NULL,NULL,NULL,NULL,0,NULL,NULL
384,Pangkajene dan Kepul,1,25,87,NULL,NULL,NULL,NULL,NULL,1,NULL,NULL,NULL,NULL,0,NULL,NULL
385,Pinrang,1,25,87,NULL,NULL,NULL,NULL,NULL,1,NULL,NULL,NULL,NULL,0,NULL,NULL
386,Sidenreng Rappang,1,25,87,NULL,NULL,NULL,NULL,NULL,1,NULL,NULL,NULL,NULL,0,NULL,NULL
387,Sinjai,1,25,87,NULL,NULL,NULL,NULL,NULL,1,NULL,NULL,NULL,NULL,0,NULL,NULL
388,Soppeng,1,25,87,NULL,NULL,NULL,NULL,NULL,1,NULL,NULL,NULL,NULL,0,NULL,NULL
389,Takalar,1,25,87,NULL,NULL,NULL,NULL,NULL,1,NULL,NULL,NULL,NULL,0,NULL,NULL
390,Tana Toraja,1,25,87,NULL,NULL,NULL,NULL,NULL,1,NULL,NULL,NULL,NULL,0,NULL,NULL
391,Toraja Utara,1,25,87,NULL,NULL,NULL,NULL,NULL,1,NULL,NULL,NULL,NULL,0,NULL,NULL
392,Wajo,1,25,87,NULL,NULL,NULL,NULL,NULL,1,NULL,NULL,NULL,NULL,0,NULL,NULL
393,Makassar,3,25,87,NULL,NULL,NULL,NULL,NULL,1,NULL,NULL,NULL,NULL,0,NULL,NULL
394,Palopo,3,25,87,NULL,NULL,NULL,NULL,NULL,1,NULL,NULL,NULL,NULL,0,NULL,NULL
395,Parepare,3,25,87,NULL,NULL,NULL,NULL,NULL,1,NULL,NULL,NULL,NULL,0,NULL,NULL
396,Bombana,1,26,87,NULL,NULL,NULL,NULL,NULL,1,NULL,NULL,NULL,NULL,0,NULL,NULL
397,Buton,1,26,87,NULL,NULL,NULL,NULL,NULL,1,NULL,NULL,NULL,NULL,0,NULL,NULL
398,Buton Utara,1,26,87,NULL,NULL,NULL,NULL,NULL,1,NULL,NULL,NULL,NULL,0,NULL,NULL
399,Kolaka,1,26,87,NULL,NULL,NULL,NULL,NULL,1,NULL,NULL,NULL,NULL,0,NULL,NULL
400,Kolaka Utara,1,26,87,NULL,NULL,NULL,NULL,NULL,1,NULL,NULL,NULL,NULL,0,NULL,NULL
401,Konawe,1,26,87,NULL,NULL,NULL,NULL,NULL,1,NULL,NULL,NULL,NULL,0,NULL,NULL
402,Konawe Selatan,1,26,87,NULL,NULL,NULL,NULL,NULL,1,NULL,NULL,NULL,NULL,0,NULL,NULL
403,Konawe Utara,1,26,87,NULL,NULL,NULL,NULL,NULL,1,NULL,NULL,NULL,NULL,0,NULL,NULL
404,Muna,1,26,87,NULL,NULL,NULL,NULL,NULL,1,NULL,NULL,NULL,NULL,0,NULL,NULL
405,Wakatobi,1,26,87,NULL,NULL,NULL,NULL,NULL,1,NULL,NULL,NULL,NULL,0,NULL,NULL
406,Bau-Bau,3,26,87,NULL,NULL,NULL,NULL,NULL,1,NULL,NULL,NULL,NULL,0,NULL,NULL
407,Kendari,3,26,87,NULL,NULL,NULL,NULL,NULL,1,NULL,NULL,NULL,NULL,0,NULL,NULL
408,Banggai,1,27,87,NULL,NULL,NULL,NULL,NULL,1,NULL,NULL,NULL,NULL,0,NULL,NULL
409,Banggai Kepulauan,1,27,87,NULL,NULL,NULL,NULL,NULL,1,NULL,NULL,NULL,NULL,0,NULL,NULL
410,Buol,1,27,87,NULL,NULL,NULL,NULL,NULL,1,NULL,NULL,NULL,NULL,0,NULL,NULL
411,Donggala,1,27,87,NULL,NULL,NULL,NULL,NULL,1,NULL,NULL,NULL,NULL,0,NULL,NULL
412,Morowali,1,27,87,NULL,NULL,NULL,NULL,NULL,1,NULL,NULL,NULL,NULL,0,NULL,NULL
413,Parigi Moutong,1,27,87,NULL,NULL,NULL,NULL,NULL,1,NULL,NULL,NULL,NULL,0,NULL,NULL
414,Poso,1,27,87,NULL,NULL,NULL,NULL,NULL,1,NULL,NULL,NULL,NULL,0,NULL,NULL
415,Tojo Una-Una,1,27,87,NULL,NULL,NULL,NULL,NULL,1,NULL,NULL,NULL,NULL,0,NULL,NULL
416,Toli-Toli,1,27,87,NULL,NULL,NULL,NULL,NULL,1,NULL,NULL,NULL,NULL,0,NULL,NULL
417,Sigi,1,27,87,NULL,NULL,NULL,NULL,NULL,1,NULL,NULL,NULL,NULL,0,NULL,NULL
418,Palu,3,27,87,NULL,NULL,NULL,NULL,NULL,1,NULL,NULL,NULL,NULL,0,NULL,NULL
419,Bolaang Mongondow,1,28,87,NULL,NULL,NULL,NULL,NULL,1,NULL,NULL,NULL,NULL,0,NULL,NULL
420,Bolaang Mongondow Se,1,28,87,NULL,NULL,NULL,NULL,NULL,1,NULL,NULL,NULL,NULL,0,NULL,NULL
421,Bolaang Mongondow Ti,1,28,87,NULL,NULL,NULL,NULL,NULL,1,NULL,NULL,NULL,NULL,0,NULL,NULL
422,Bolaang Mongondow Ut,1,28,87,NULL,NULL,NULL,NULL,NULL,1,NULL,NULL,NULL,NULL,0,NULL,NULL
423,Kepulauan Sangihe,1,28,87,NULL,NULL,NULL,NULL,NULL,1,NULL,NULL,NULL,NULL,0,NULL,NULL
424,Kepulauan Siau Tagul,1,28,87,NULL,NULL,NULL,NULL,NULL,1,NULL,NULL,NULL,NULL,0,NULL,NULL
425,Kepulauan Talaud,1,28,87,NULL,NULL,NULL,NULL,NULL,1,NULL,NULL,NULL,NULL,0,NULL,NULL
426,Minahasa,1,28,87,NULL,NULL,NULL,NULL,NULL,1,NULL,NULL,NULL,NULL,0,NULL,NULL
427,Minahasa Selatan,1,28,87,NULL,NULL,NULL,NULL,NULL,1,NULL,NULL,NULL,NULL,0,NULL,NULL
428,Minahasa Tenggara,1,28,87,NULL,NULL,NULL,NULL,NULL,1,NULL,NULL,NULL,NULL,0,NULL,NULL
429,Minahasa Utara,1,28,87,NULL,NULL,NULL,NULL,NULL,1,NULL,NULL,NULL,NULL,0,NULL,NULL
430,Bitung,3,28,87,NULL,NULL,NULL,NULL,NULL,1,NULL,NULL,NULL,NULL,0,NULL,NULL
431,Kotamobagu,3,28,87,NULL,NULL,NULL,NULL,NULL,1,NULL,NULL,NULL,NULL,0,NULL,NULL
432,Manado,3,28,87,NULL,NULL,NULL,NULL,NULL,1,NULL,NULL,NULL,NULL,0,NULL,NULL
433,Tomohon,3,28,87,NULL,NULL,NULL,NULL,NULL,1,NULL,NULL,NULL,NULL,0,NULL,NULL
434,Majene,1,29,87,NULL,NULL,NULL,NULL,NULL,1,NULL,NULL,NULL,NULL,0,NULL,NULL
435,Mamasa,1,29,87,NULL,NULL,NULL,NULL,NULL,1,NULL,NULL,NULL,NULL,0,NULL,NULL
436,Mamuju,1,29,87,NULL,NULL,NULL,NULL,NULL,1,NULL,NULL,NULL,NULL,0,NULL,NULL
437,Mamuju Utara,1,29,87,NULL,NULL,NULL,NULL,NULL,1,NULL,NULL,NULL,NULL,0,NULL,NULL
438,Polewali Mandar,1,29,87,NULL,NULL,NULL,NULL,NULL,1,NULL,NULL,NULL,NULL,0,NULL,NULL
439,Buru,1,30,87,NULL,NULL,NULL,NULL,NULL,1,NULL,NULL,NULL,NULL,0,NULL,NULL
440,Buru Selatan,1,30,87,NULL,NULL,NULL,NULL,NULL,1,NULL,NULL,NULL,NULL,0,NULL,NULL
441,Kepulauan Aru,1,30,87,NULL,NULL,NULL,NULL,NULL,1,NULL,NULL,NULL,NULL,0,NULL,NULL
442,Maluku Barat Daya,1,30,87,NULL,NULL,NULL,NULL,NULL,1,NULL,NULL,NULL,NULL,0,NULL,NULL
443,Maluku Tengah,1,30,87,NULL,NULL,NULL,NULL,NULL,1,NULL,NULL,NULL,NULL,0,NULL,NULL
444,Maluku Tenggara,1,30,87,NULL,NULL,NULL,NULL,NULL,1,NULL,NULL,NULL,NULL,0,NULL,NULL
445,Maluku Tenggara Bara,1,30,87,NULL,NULL,NULL,NULL,NULL,1,NULL,NULL,NULL,NULL,0,NULL,NULL
446,Seram Bagian Barat,1,30,87,NULL,NULL,NULL,NULL,NULL,1,NULL,NULL,NULL,NULL,0,NULL,NULL
447,Seram Bagian Timur,1,30,87,NULL,NULL,NULL,NULL,NULL,1,NULL,NULL,NULL,NULL,0,NULL,NULL
448,Ambon,3,30,87,NULL,NULL,NULL,NULL,NULL,1,NULL,NULL,NULL,NULL,0,NULL,NULL
449,Tual,3,30,87,NULL,NULL,NULL,NULL,NULL,1,NULL,NULL,NULL,NULL,0,NULL,NULL
450,Halmahera Barat,1,31,87,NULL,NULL,NULL,NULL,NULL,1,NULL,NULL,NULL,NULL,0,NULL,NULL
451,Halmahera Tengah,1,31,87,NULL,NULL,NULL,NULL,NULL,1,NULL,NULL,NULL,NULL,0,NULL,NULL
452,Halmahera Utara,1,31,87,NULL,NULL,NULL,NULL,NULL,1,NULL,NULL,NULL,NULL,0,NULL,NULL
453,Halmahera Selatan,1,31,87,NULL,NULL,NULL,NULL,NULL,1,NULL,NULL,NULL,NULL,0,NULL,NULL
454,Kepulauan Sula,1,31,87,NULL,NULL,NULL,NULL,NULL,1,NULL,NULL,NULL,NULL,0,NULL,NULL
455,Halmahera Timur,1,31,87,NULL,NULL,NULL,NULL,NULL,1,NULL,NULL,NULL,NULL,0,NULL,NULL
456,Pulau Morotai,1,31,87,NULL,NULL,NULL,NULL,NULL,1,NULL,NULL,NULL,NULL,0,NULL,NULL
457,Ternate,3,31,87,NULL,NULL,NULL,NULL,NULL,1,NULL,NULL,NULL,NULL,0,NULL,NULL
458,Tidore Kepulauan,3,31,87,NULL,NULL,NULL,NULL,NULL,1,NULL,NULL,NULL,NULL,0,NULL,NULL
459,Asmat,1,32,87,NULL,NULL,NULL,NULL,NULL,1,NULL,NULL,NULL,NULL,0,NULL,NULL
460,Biak Numfor,1,32,87,NULL,NULL,NULL,NULL,NULL,1,NULL,NULL,NULL,NULL,0,NULL,NULL
461,Boven Digoel,1,32,87,NULL,NULL,NULL,NULL,NULL,1,NULL,NULL,NULL,NULL,0,NULL,NULL
462,Deiyai,1,32,87,NULL,NULL,NULL,NULL,NULL,1,NULL,NULL,NULL,NULL,0,NULL,NULL
463,Dogiyai,1,32,87,NULL,NULL,NULL,NULL,NULL,1,NULL,NULL,NULL,NULL,0,NULL,NULL
464,Intan Jaya,1,32,87,NULL,NULL,NULL,NULL,NULL,1,NULL,NULL,NULL,NULL,0,NULL,NULL
465,Jayapura,1,32,87,NULL,NULL,NULL,NULL,NULL,1,NULL,NULL,NULL,NULL,0,NULL,NULL
466,Jayawijaya,1,32,87,NULL,NULL,NULL,NULL,NULL,1,NULL,NULL,NULL,NULL,0,NULL,NULL
467,Keerom,1,32,87,NULL,NULL,NULL,NULL,NULL,1,NULL,NULL,NULL,NULL,0,NULL,NULL
468,Kepulauan Yapen,1,32,87,NULL,NULL,NULL,NULL,NULL,1,NULL,NULL,NULL,NULL,0,NULL,NULL
469,Lanny Jaya,1,32,87,NULL,NULL,NULL,NULL,NULL,1,NULL,NULL,NULL,NULL,0,NULL,NULL
470,Mamberamo Raya,1,32,87,NULL,NULL,NULL,NULL,NULL,1,NULL,NULL,NULL,NULL,0,NULL,NULL
471,Mamberamo Tengah,1,32,87,NULL,NULL,NULL,NULL,NULL,1,NULL,NULL,NULL,NULL,0,NULL,NULL
472,Mappi,1,32,87,NULL,NULL,NULL,NULL,NULL,1,NULL,NULL,NULL,NULL,0,NULL,NULL
473,Merauke,1,32,87,NULL,NULL,NULL,NULL,NULL,1,NULL,NULL,NULL,NULL,0,NULL,NULL
474,Mimika,1,32,87,NULL,NULL,NULL,NULL,NULL,1,NULL,NULL,NULL,NULL,0,NULL,NULL
475,Nabire,1,32,87,NULL,NULL,NULL,NULL,NULL,1,NULL,NULL,NULL,NULL,0,NULL,NULL
476,Nduga,1,32,87,NULL,NULL,NULL,NULL,NULL,1,NULL,NULL,NULL,NULL,0,NULL,NULL
477,Paniai,1,32,87,NULL,NULL,NULL,NULL,NULL,1,NULL,NULL,NULL,NULL,0,NULL,NULL
478,Pegunungan Bintang,1,32,87,NULL,NULL,NULL,NULL,NULL,1,NULL,NULL,NULL,NULL,0,NULL,NULL
479,Puncak,1,32,87,NULL,NULL,NULL,NULL,NULL,1,NULL,NULL,NULL,NULL,0,NULL,NULL
480,Puncak Jaya,1,32,87,NULL,NULL,NULL,NULL,NULL,1,NULL,NULL,NULL,NULL,0,NULL,NULL
481,Sarmi,1,32,87,NULL,NULL,NULL,NULL,NULL,1,NULL,NULL,NULL,NULL,0,NULL,NULL
482,Supiori,1,32,87,NULL,NULL,NULL,NULL,NULL,1,NULL,NULL,NULL,NULL,0,NULL,NULL
483,Tolikara,1,32,87,NULL,NULL,NULL,NULL,NULL,1,NULL,NULL,NULL,NULL,0,NULL,NULL
484,Waropen,1,32,87,NULL,NULL,NULL,NULL,NULL,1,NULL,NULL,NULL,NULL,0,NULL,NULL
485,Yahukimo,1,32,87,NULL,NULL,NULL,NULL,NULL,1,NULL,NULL,NULL,NULL,0,NULL,NULL
486,Yalimo,1,32,87,NULL,NULL,NULL,NULL,NULL,1,NULL,NULL,NULL,NULL,0,NULL,NULL
487,Jayapura,3,32,87,NULL,NULL,NULL,NULL,NULL,1,NULL,NULL,NULL,NULL,0,NULL,NULL
488,Fakfak,1,33,87,NULL,NULL,NULL,NULL,NULL,1,NULL,NULL,NULL,NULL,0,NULL,NULL
489,Kaimana,1,33,87,NULL,NULL,NULL,NULL,NULL,1,NULL,NULL,NULL,NULL,0,NULL,NULL
490,Manokwari,1,33,87,NULL,NULL,NULL,NULL,NULL,1,NULL,NULL,NULL,NULL,0,NULL,NULL
491,Maybrat,1,33,87,NULL,NULL,NULL,NULL,NULL,1,NULL,NULL,NULL,NULL,0,NULL,NULL
492,Raja Ampat,1,33,87,NULL,NULL,NULL,NULL,NULL,1,NULL,NULL,NULL,NULL,0,NULL,NULL
493,Sorong,1,33,87,NULL,NULL,NULL,NULL,NULL,1,NULL,NULL,NULL,NULL,0,NULL,NULL
494,Sorong Selatan,1,33,87,NULL,NULL,NULL,NULL,NULL,1,NULL,NULL,NULL,NULL,0,NULL,NULL
495,Tambrauw,1,33,87,NULL,NULL,NULL,NULL,NULL,1,NULL,NULL,NULL,NULL,0,NULL,NULL
496,Teluk Bintuni,1,33,87,NULL,NULL,NULL,NULL,NULL,1,NULL,NULL,NULL,NULL,0,NULL,NULL
497,Teluk Wondama,1,33,87,NULL,NULL,NULL,NULL,NULL,1,NULL,NULL,NULL,NULL,0,NULL,NULL
498,Sorong,3,33,87,NULL,NULL,NULL,NULL,NULL,1,NULL,NULL,NULL,NULL,0,NULL,NULL
499,Purwokerto,1,1,1,NULL,NULL,NULL,NULL,NULL,1,NULL,NULL,NULL,NULL,0,NULL,NULL
500,Kabupaten Banyumas,1,1,87,NULL,NULL,NULL,NULL,NULL,1,NULL,NULL,NULL,NULL,0,NULL,NULL
