60,101/CNI/1/1.1.2/IX/18,Jasa Perencanaan Struktur Ruko AR01 ER01 ER02 & FR03 CitraGrand Cibubur CBD,221.01.00,2018-09-24,Jasa Perencanaan Struktur Ruko AR01 ER01 ER02 & FR03 CitraGrand Cibubur CBD,0,0,38000000,0,0,0,0,0,0,FRIDAWATI,2018-10-01,2018-11-12,0,FRIDAWATI,
60,009/CNI/1/1.1.7/I/18,Penyelidikan Tanah di Cluster Blok F Perumahan CitraGrand Cibubur CBD,221.06.00,2018-01-24,Penyelidikan Tanah di Cluster Blok F Perumahan CitraGrand Cibubur CBD,0,0,13800000,0,0,0,0,100,100,UI,2018-01-30,2018-02-07,0,UI,
60,045/CNI/1/1.1.7/V/18,Jasa Konsultasi Desain Geoteknik,221.06.00,2018-05-25,Jasa Konsultasi Desain Geoteknik,0,8350000,83500000,0,0,0,0,0,0,GEC,2018-06-04,2018-07-18,0,GEC,
60,028/CNI/1/1.1.7/VIII/17,Jasa Perencanaan Struktur Site Office dan Marketing Office CitraGrand Cibubur CBD,221.01.00,2017-08-19,Jasa Perencanaan Struktur Site Office dan Marketing Office CitraGrand Cibubur CBD,0,0,25000000,0,0,0,0,100,100,FRIDAWATI,2017-08-21,2017-09-08,0,FRIDAWATI,
60,067/CNI/1/1.1.7/XI/17,Penyelidikan Tanah di Perumahan CitraGrand Cibubur CBD ,221.06.00,2017-11-13,Penyelidikan Tanah di Perumahan CitraGrand Cibubur CBD ,35000000,0,70000000,0,0,0,0,100,100,UI,2017-11-15,2018-01-14,35000000,UI,
60,007/SBM2/1/1.1.8/II/17,Pembuatan 3D Kawasan CBD Citra Grand 2 Cibubur,103.01.00,2017-02-10,Pembuatan 3D Kawasan CBD Citra Grand 2 Cibubur,68750000,13750000,137500000,0,0,0,0,100,100,PIRANASIA,2017-02-15,2017-05-16,68750000,PIRANASIA,
60,011/SBM2/1/1.1.8/III/17,Design Lanscape Area Danau Cluster Royal Perumahan Citra Gran 2 Cibubur,222.00.00,2017-03-20,Design Lanscape Area Danau Cluster Royal Perumahan Citra Gran 2 Cibubur,21276596,4255319,42553191,0,0,0,0,100,100,DARCANIYA,2017-03-22,2017-05-21,21276596,DARCANIYA,
60,022/CNI/1/1.1.8/III/18,Review Desain dan Desain Alternatif Perkuatan Lereng Sisi Sungai di CitraGrand Cibubur CBD,221.02.00,2018-03-19,Review Desain dan Desain Alternatif Perkuatan Lereng Sisi Sungai di CitraGrand Cibubur CBD,72000000,18000000,180000000,0,0,0,0,100,100,GEOPRIMA,2018-03-19,2018-04-23,72000000,GEOPRIMA,
60,024/CNI/1/1.1.8/III/18,Penyelidikan Tanah di Area Lereng STA 1+140 dan STA 1+420 Perumahan CitraGrand Cibubur CBD,221.06.00,2018-03-21,Penyelidikan Tanah di Area Lereng STA 1+140 dan STA 1+420 Perumahan CitraGrand Cibubur CBD,0,0,23200000,0,0,0,0,100,100,UI,2018-03-22,2018-04-05,0,UI,
60,040/CNI/1/1.1.8/V/18,Soil Investigation Area Perkuatan Lereng STA 0+480 - 0+580 CitraGrand Cibubur CBD,221.02.00,2018-05-03,Soil Investigation Area Perkuatan Lereng STA 0+480 - 0+580 CitraGrand Cibubur CBD,40000000,8000000,80000000,0,0,0,0,100,100,TESTANA,2018-05-05,2018-07-07,40000000,TESTANA,
60,025/CNI/1/1.1.8/VII/17,Pembuatan Detail Engineering Design (DED) Rumah Lebar 7 m,103.01.00,2017-07-05,Pembuatan Detail Engineering Design (DED) Rumah Lebar 7 m,0,0,7740000,0,0,0,0,100,100,STEFANUS ERIK,2017-07-06,2017-08-05,0,STEFANUS ERIK,
60,063/CNI/1/1.1.8/VII/18,Jasa Konsultasi Perencanaan dan Pengawasan Rekonstruksi Talud Maccaferi STA 0+480 - 0+580,222.04.00,2018-07-20,Jasa Konsultasi Perencanaan dan Pengawasan Rekonstruksi Talud Maccaferi STA 0+480 - 0+580,0,0,65000000,0,0,0,0,0,0,WIBOWO,2018-07-23,2018-12-20,0,WIBOWO,
60,027/CNI/1/1.1.8/VIII/17,Jasa Perencanaan Struktur Canopy Marketing Office CitraGrand Cibubur CBD,221.01.00,2017-08-10,Jasa Perencanaan Struktur Canopy Marketing Office CitraGrand Cibubur CBD,0,0,15000000,0,0,0,0,100,100,FRIDAWATI,2017-08-11,2017-08-25,0,FRIDAWATI,
60,085/CNI/1/1.1.8/VIII/18,Penyelidikan Tanah Area Blok ER FR3 AR01 Bunderan dan WTP CitraGrand Cibubur CBD,221.06.00,2018-08-23,Penyelidikan Tanah Area Blok ER FR3 AR01 Bunderan dan WTP CitraGrand Cibubur CBD,0,4352500,43525000,0,0,0,0,100,100,TESTANA,2018-08-28,2018-10-02,0,TESTANA,
60,073/CNI/1/1.1.8/XI/17,Pembuatan Detail Engineering Design (DED) MEP Marketing Office & Site Office,103.01.00,2017-11-27,Pembuatan Detail Engineering Design (DED) MEP Marketing Office & Site Office,0,0,15000000,0,0,0,0,100,100,STEFANUS ERIK,2017-11-27,2017-12-12,0,STEFANUS ERIK,
60,078/CNI/1/1.11.3/VIII/18,Bongkar Pasang Huruf Timbul Cibubur CBD dan Logo Ciputra,239.00.00,2018-08-14,Bongkar Pasang Huruf Timbul Cibubur CBD dan Logo Ciputra,0,1600000,16000000,0,0,0,0,100,100,PLATBOARD,2018-08-15,2018-08-24,0,PLATBOARD,
60,058/CNI/1/1.11.3/X/17,Pembuatan dan Pemasangan Huruf Timbul Acrylic + Lampu LED di Gerbang Samping ,239.00.00,2017-10-18,Pembuatan dan Pemasangan Huruf Timbul Acrylic + Lampu LED di Gerbang Samping ,0,1800000,18000000,5,90,0,0,100,95,PLATBOARD,2017-10-18,2017-10-25,0,PLATBOARD,
60,066/CNI/1/1.11.3/X/17,Pemasangan Lampu Penerang dan Instalasi Hoarding di Perumahan CitraGrand Cibubur CBD ,239.00.00,2017-10-24,Pemasangan Lampu Penerang dan Instalasi Hoarding di Perumahan CitraGrand Cibubur CBD ,0,720000,7200000,0,0,0,0,100,100,PLATBOARD,2017-10-25,2017-10-28,0,PLATBOARD,
60,063/CNI/1/1.11.3/X/17,Pembuatan dan Pemasangan Huruf Timbul Acrylic + Lampu LED di Gerbang Utama,239.00.00,2017-10-18,Pembuatan dan Pemasangan Huruf Timbul Acrylic + Lampu LED di Gerbang Utama,91200000,9600000,96000000,5,90,0,0,0,0,PLATBOARD,2017-10-18,2017-10-25,91200000,PLATBOARD,
60,007/CNI/1/1.12.5/I/18,Bongkar Pasang Rumput Gajah Mini di Median Gerbang Utama CitraGrand Cibubur CBD,232.01.00,2018-01-19,Bongkar Pasang Rumput Gajah Mini di Median Gerbang Utama CitraGrand Cibubur CBD,0,1466000,14660000,0,0,0,0,100,100,LOKACIPTA,2018-01-22,2018-02-05,0,LOKACIPTA,
60,014/CNI/1/1.12.5/IV/17,Tanam Widelia dan Semak di Tebing Perumahan Citra Grand 2 Cibubur,232.01.00,2017-04-06,Tanam Widelia dan Semak di Tebing Perumahan Citra Grand 2 Cibubur,0,17817640,178176400,10,180,0,0,100,100,LOKACIPTA,2017-04-13,2017-05-28,0,LOKACIPTA,
60,036/CNI/1/1.12.5/IX/17,Perawatan Taman CitraGrand Cibubur CBD,232.01.00,2017-09-13,Perawatan Taman CitraGrand Cibubur CBD,0,1605000,16050000,0,0,0,0,100,100,LOKACIPTA,2017-09-18,2017-12-18,0,LOKACIPTA,
60,043/CNI/1/1.12.5/V/18,Penanaman Rumput Gajah Area Berm Sisi Bronjong Sungai Cikeas Perumahan CitraGrand Cibubur CBD,222.04.00,2018-05-17,Penanaman Rumput Gajah Area Berm Sisi Bronjong Sungai Cikeas Perumahan CitraGrand Cibubur CBD,0,1010000,10100000,0,0,0,0,0,0,AGRO,2018-05-19,2018-05-26,0,AGRO,
60,052/CNI/1/1.12.5/VII/18,Penanaman Bambu Jepang di Area Perumahan CitraGrand Cibubur CBD,232.01.00,2018-07-02,Penanaman Bambu Jepang di Area Perumahan CitraGrand Cibubur CBD,0,880000,8800000,10,90,0,0,100,90,LOKACIPTA,2018-07-09,2018-08-23,0,LOKACIPTA,
60,053/CNI/1/1.12.5/VII/18,Penanaman Rumput Gajah Biasa Area Sisi Berm Kiri & Kanan Jalan Boulevard,224.01.00,2018-07-02,Penanaman Rumput Gajah Biasa Area Sisi Berm Kiri & Kanan Jalan Boulevard,8800000,2200000,22000000,10,180,0,0,0,0,LOKACIPTA,2018-07-09,2018-09-07,8800000,LOKACIPTA,
60,091/CNI/1/1.12.5/VIII/18,Bongkar pasang Tanam Rumput Gajah Mini Area Signage Cibubur CBD Gerbang Utama,232.01.00,2018-08-27,Bongkar pasang Tanam Rumput Gajah Mini Area Signage Cibubur CBD Gerbang Utama,0,753000,7530000,10,90,0,0,100,90,LOKACIPTA,2018-08-28,2018-09-11,0,LOKACIPTA,
60,090/CNI/1/1.12.5/VIII/18,Pembuatan Taman Marketing Office Perumahan CitraGrand Cibubur CBD,232.01.00,2018-08-27,Pembuatan Taman Marketing Office Perumahan CitraGrand Cibubur CBD,0,9070000,90700000,10,180,0,0,100,90,PESONA,2018-08-29,2018-09-19,0,PESONA,
60,052/CNI/1/1.12.5/X/17,Penanaman Rumput Gajah Mini Area Sisi Pintu Masuk dan Median Jalan,224.01.00,2017-10-10,Penanaman Rumput Gajah Mini Area Sisi Pintu Masuk dan Median Jalan,0,2405780,24057800,10,90,0,0,100,100,LOKACIPTA,2017-10-10,2017-10-20,0,LOKACIPTA,
60,144/CNI/1/1.12.5/XI/18,Penanaman Landscape Area Gerbang Perumahan CitraGrand Cibubur CBD,221.03.00,2018-11-23,Penanaman Landscape Area Gerbang Perumahan CitraGrand Cibubur CBD,0,5020000,50200000,10,90,0,0,0,0,PESONA,2018-11-24,2018-11-26,0,PESONA,
60,085/CNI/1/1.12.5/XII/17,Penanaman Bambu Jepang di Area Perumahan CitraGrand Cibubur CBD,232.01.00,2017-12-15,Penanaman Bambu Jepang di Area Perumahan CitraGrand Cibubur CBD,0,620000,6200000,0,0,0,0,100,100,LOKACIPTA,2017-12-15,2018-01-08,0,LOKACIPTA,
60,078/CNI/1/1.12.5/XII/17,Perawatan Taman CitraGrand Cibubur CBD,232.01.00,2017-12-05,Perawatan Taman CitraGrand Cibubur CBD,0,6420000,64200000,0,0,0,0,100,100,LOKACIPTA,2017-12-18,2018-12-18,0,LOKACIPTA,
60,148/CNI/1/1.12.5/XII/18,Perawatan Taman CitraGrand Cibubur CBD,232.01.00,2018-12-05,Perawatan Taman CitraGrand Cibubur CBD,0,8760000,87600000,0,0,0,0,0,0,LOKACIPTA,2018-12-18,2019-12-18,0,LOKACIPTA,
60,147/CNI/1/1.12.5/XII/18,Penanaman Pohon Sengon Buto dan Rumput Gajah Biasa Area Jalan Boulevard di Perumahan CitraGrand Cibu,224.01.00,2018-12-05,Penanaman Pohon Sengon Buto dan Rumput Gajah Biasa Area Jalan Boulevard di Perumahan CitraGrand Cibu,63181818,12636364,126363636,10,180,0,0,0,0,PESONA,2018-12-10,2019-01-09,63181818,PESONA,
60,126/CNI/1/1.13.3/XI/18,Pengadaan dan Pemasangan 9 Patung Kuda (Tahap 2) di Gerbang Utama Perumahan Citragrand Cibubur CBD,240.01.00,2018-11-07,Pengadaan dan Pemasangan 9 Patung Kuda (Tahap 2) di Gerbang Utama Perumahan Citragrand Cibubur CBD,0,23445000,234450000,0,0,0,0,100,100,CITRAART,2018-11-08,2018-12-08,0,CITRAART,
60,125/CNI/1/1.13.3/XI/18,Pengadaan dan Pemasangan 9 Patung Kuda (Tahap 1) di Gerbang Utama Perumahan Citragrand Cibubur CBD,240.01.00,2018-11-07,Pengadaan dan Pemasangan 9 Patung Kuda (Tahap 1) di Gerbang Utama Perumahan Citragrand Cibubur CBD,0,23445000,234450000,0,0,0,0,100,100,CITRAART,2018-11-08,2018-12-08,0,CITRAART,
60,009/SBM2/1/1.13.4/III/17,Pasang Plaster Aci di Kontrakan Dekat Perumahan Citra Grand 2 Cibubur,239.00.00,2017-03-06,Pasang Plaster Aci di Kontrakan Dekat Perumahan Citra Grand 2 Cibubur,0,0,9943299,0,0,0,0,100,100,PAINI,2017-03-06,2017-03-27,0,PAINI,
60,029/CNI/1/1.13.4/III/18,Pemindahan Tenda Marketing Gallery Sementara di CitraGrand Cibubur CBD,239.00.00,2018-03-27,Pemindahan Tenda Marketing Gallery Sementara di CitraGrand Cibubur CBD,25000000,0,50000000,5,60,0,0,100,95,FERY FIRMANSYAH,2018-03-28,2018-04-05,25000000,FERY FIRMANSYAH,
60,045/CNI/1/1.13.4/IX/17,Pembuatan Tiang Bendera Perumahan CitraGrand Cibubur CBD,239.00.00,2017-09-25,Pembuatan Tiang Bendera Perumahan CitraGrand Cibubur CBD,0,5700000,57000000,0,0,0,0,100,100,METALINDO,2017-09-25,2017-10-01,0,METALINDO,
60,048/CNI/1/1.13.4/V/18    ,Parkiran Marketing Office dan Site Office CitraGrand Cibubur CBD,239.00.00,2018-05-28,Parkiran Marketing Office dan Site Office CitraGrand Cibubur CBD,109724850,73149900,731499000,5,90,0,0,87,87,TITIKINDAH,2018-05-30,2018-08-28,109724850,TITIKINDAH,
60,044/CNI/1/1.13.4/V/18,Bronjong Blok F CitraGrand Cibubur CBD,229.00.00,2018-05-21,Bronjong Blok F CitraGrand Cibubur CBD,197841500,39568300,395683000,5,120,0,0,100,95,MANDROSA,2018-05-30,2018-07-29,197841500,MANDROSA,
60,064/CNI/1/1.13.4/VII/18,Pembuatan Barikade Uk. 2m x 1m (6 Unit) Perumahan CitraGrand Cibubur CBD,239.00.00,2018-07-30,Pembuatan Barikade Uk. 2m x 1m (6 Unit) Perumahan CitraGrand Cibubur CBD,0,0,3711340,0,0,0,0,100,100,EMAN,2018-08-07,2018-08-15,0,EMAN,
60,053/CNI/1/1.13.4/X/17,Pembuatan Barikade Uk. 2m x 1m (15 Unit) Perumahan CitraGrand Cibubur CBD,239.00.00,2017-10-12,Pembuatan Barikade Uk. 2m x 1m (15 Unit) Perumahan CitraGrand Cibubur CBD,0,0,12000000,0,0,0,0,100,100,BAMBANG P,2017-10-12,2017-10-19,0,BAMBANG P,
60,006/CNI/1/1.2.4/I/18,Cut dan Fill Blok E di Perumahan CitraGrand Cibubur CBD,222.00.00,2018-01-12,Cut dan Fill Blok E di Perumahan CitraGrand Cibubur CBD,415577864,277051909,2770519091,5,90,0,0,100,100,TITIKINDAH,2018-01-15,2018-05-15,415577864,TITIKINDAH,
60,013/CNI/1/1.2.4/III/17,Fill Tanah di Sekitar Area Marketing Citra Gran 2 Cibubur,222.00.00,2017-03-23,Fill Tanah di Sekitar Area Marketing Citra Gran 2 Cibubur,22272682,14848454,148484545,5,90,0,0,100,105,TITIKINDAH,2017-03-31,2017-04-30,22272682,TITIKINDAH,
60,017/CNI/1/1.2.4/IV/17,Perubahan Kemiringan Sub Grade dan Fill Area Sisi Kiri Bundaran Perumahan Citra Gran 2 Cibubur,222.00.00,2017-02-03,Perubahan Kemiringan Sub Grade dan Fill Area Sisi Kiri Bundaran Perumahan Citra Gran 2 Cibubur,55157873,36771916,367719155,5,90,0,0,100,100,TITIKINDAH,2017-02-13,2017-02-20,55157873,TITIKINDAH,
60,032/CNI/1/1.2.4/IX/17,Cut & Perapihan Lereng Jalan & Fill Sta 1+560 - 1+640 dan Sta 1+69250 - Sta 1+760,222.00.00,2017-09-05,Cut & Perapihan Lereng Jalan & Fill Sta 1+560 - 1+640 dan Sta 1+69250 - Sta 1+760,0,6335727,63357273,0,0,0,0,100,100,TITIKINDAH,2017-09-07,2017-09-14,0,TITIKINDAH,
60,023/CNI/1/1.2.4/VI/17,Fill Area Marketing Office Akibat Geser Lokasi Area Marketing Office CitraGrand 2,222.00.00,2017-06-05,Fill Area Marketing Office Akibat Geser Lokasi Area Marketing Office CitraGrand 2,0,29385459,293854590,5,90,0,0,100,100,TITIKINDAH,2017-06-03,2017-06-12,0,TITIKINDAH,
60,055/CNI/1/1.2.4/X/17,Fill dan Perapihan Badan Jalan Sta 0+020 - 0+620 Perumahan CitraGrand Cibubur CBD,222.00.00,2017-10-12,Fill dan Perapihan Badan Jalan Sta 0+020 - 0+620 Perumahan CitraGrand Cibubur CBD,629035500,125807100,1258071000,5,90,0,0,100,100,TITIKINDAH,2017-10-12,2018-03-31,629035500,TITIKINDAH,
60,069/CNI/1/1.2.4/XI/17,Cut & Fill Badan Jalan Sta 1+560 - 2+070 & Bundaran Jalan di Perumahan CitraGrand Cibubur CBD,222.00.00,2017-11-20,Cut & Fill Badan Jalan Sta 1+560 - 2+070 & Bundaran Jalan di Perumahan CitraGrand Cibubur CBD,0,32058636,320586364,0,0,0,0,100,100,TITIKINDAH,2017-11-01,2017-11-22,0,TITIKINDAH,
60,066/CNI/1/1.25.4/VII/18,Jasa Pengecatan Langit-Langit Plafon Marketing Office CitraGrand Cibubur CBD,240.05.00,2018-07-31,Jasa Pengecatan Langit-Langit Plafon Marketing Office CitraGrand Cibubur CBD,0,0,19371282,5,90,0,0,100,95,MUNASIR,2018-08-02,2018-08-16,0,MUNASIR,
60,055/CNI/1/1.25.4/VII/18,Penyediaan dan Pengelolaan Tenaga Pengamanan BKO di Perumahan CitraGrand Cibubur CBD,239.01.00,2018-07-04,Penyediaan dan Pengelolaan Tenaga Pengamanan BKO di Perumahan CitraGrand Cibubur CBD,0,16560000,165600000,0,0,0,0,42,42,GALANG ESA MANDIRI,2018-07-28,2019-07-27,0,GALANG ESA MANDIRI,
60,072/CNI/1/1.25.4/XI/17,Penyediaan dan Pengelolaan Tenaga Pengamanan (Security) di Perumahan CitraGrand Cibubur CBD,239.01.00,2017-11-27,Penyediaan dan Pengelolaan Tenaga Pengamanan (Security) di Perumahan CitraGrand Cibubur CBD,0,28922400,289224000,0,0,0,0,100,100,GALANG ESA MANDIRI,2018-01-01,2018-12-31,0,GALANG ESA MANDIRI,
60,072A/CNI/1/1.25.4/XI/17,Penyediaan dan Pengelolaan Tenaga Pengamanan (Security) di Cibubur CBD (Jalan Subentra),224.01.00,2017-11-27,Penyediaan dan Pengelolaan Tenaga Pengamanan (Security) di Cibubur CBD (Jalan Subentra),0,28922400,289224000,0,0,0,0,100,100,GALANG ESA MANDIRI,2018-01-01,2018-12-31,0,GALANG ESA MANDIRI,
60,030/CNI/1/1.27.3/III/18,Pembangunan Arsitektur Marketing Office & Site Office di CitraGrand Cibubur CBD,240.05.00,2018-03-28,Pembangunan Arsitektur Marketing Office & Site Office di CitraGrand Cibubur CBD,158822727,105881818,1058818182,5,90,0,0,80,80,IKA GRIYA,2018-03-28,2018-06-26,158822727,IKA GRIYA,
60,031/CNI/1/1.27.3/IV/18,Facade Site Office dan Marketing Office CitraGrand Cibubur CBD,240.05.00,2018-04-04,Facade Site Office dan Marketing Office CitraGrand Cibubur CBD,302250000,100750000,1007500000,3,120,2,365,93,93,JAYABERSAUDARA,2018-04-02,2018-07-15,302250000,JAYABERSAUDARA,
60,020/CNI/1/1.27.3/VI/17,Pengadaan dan Pemasangan Tiang Pancang SO Citra Grand 2,240.05.00,2017-06-07,Pengadaan dan Pemasangan Tiang Pancang SO Citra Grand 2,0,2627000,26270000,0,0,0,0,100,100,PANTON,2017-06-12,2017-06-19,0,PANTON,
60,021/CNI/1/1.27.3/VI/17,Pondasi Tiang Pancang Segi Empat uk.20x20 Sistem Drop Hammer MO Citra Grand 2 ,240.05.00,2017-06-14,Pondasi Tiang Pancang Segi Empat uk.20x20 Sistem Drop Hammer MO Citra Grand 2 ,0,1162800,11628000,0,0,0,0,100,100,PANTON,2017-06-15,2017-06-19,0,PANTON,
60,050/CNI/1/1.27.3/VI/18,Dinding Penahan Tanah Marketing Office CitraGrand Cibubur CBD,222.04.00,2018-06-06,Dinding Penahan Tanah Marketing Office CitraGrand Cibubur CBD,48500000,9700000,97000000,5,120,0,0,100,95,MANDROSA,2018-06-25,2018-08-24,48500000,MANDROSA,
60,060/CNI/1/1.27.3/VII/18,Pembuatan Tangga Service ke Atap Marketing Office CitraGrand Cibubur CBD,240.05.00,2018-07-12,Pembuatan Tangga Service ke Atap Marketing Office CitraGrand Cibubur CBD,0,0,9000000,0,0,0,0,100,100,BENGKEL,2018-07-13,2018-07-25,0,BENGKEL,
60,072/CNI/1/1.27.3/VIII/18,Screed Lantai Marketing Office Perumahan CitraGrand Cibubur CBD,240.05.00,2018-08-07,Screed Lantai Marketing Office Perumahan CitraGrand Cibubur CBD,0,1174635,11746350,0,0,0,0,100,100,KONTRAKTOR,2018-08-15,2018-08-22,0,KONTRAKTOR,
60,086/CNI/1/1.27.3/VIII/18,Material Plafond Kanopi Depan Marketing Office CitraGrand Cibubur CBD,239.00.00,2018-08-24,Material Plafond Kanopi Depan Marketing Office CitraGrand Cibubur CBD,0,1294850,12948500,0,0,0,0,100,100,SHUNDA,2018-08-31,2018-09-30,0,SHUNDA,
60,092/CNI/1/1.27.3/VIII/18,Pembuatan Walk Way Perbaikan Indoor AC VRF Marketing Office CitraGrand Cibubur CBD ,240.05.00,2018-08-28,Pembuatan Walk Way Perbaikan Indoor AC VRF Marketing Office CitraGrand Cibubur CBD ,0,0,20000000,0,0,0,0,100,100,BENGKEL,2018-08-30,2018-09-09,0,BENGKEL,
60,069/CNI/1/1.27.3/VIII/18,Pembuatan Signage Stainless Marketing Office CitraGrand Cibubur CBD,240.05.00,2018-08-03,Pembuatan Signage Stainless Marketing Office CitraGrand Cibubur CBD,0,0,9000000,0,0,0,0,100,100,SPARX,2018-08-09,2018-08-30,0,SPARX,
60,081/CNI/1/1.27.3/VIII/18,Pembuatan Signage Indoor Stainless Lobby Site Office CitraGrand Cibubur CBD,240.05.00,2018-08-16,Pembuatan Signage Indoor Stainless Lobby Site Office CitraGrand Cibubur CBD,0,350000,3500000,0,0,0,0,100,100,GRAFINDO,2018-08-24,2018-08-31,0,GRAFINDO,
60,087/CNI/1/1.27.3/VIII/18,Jasa Pasang Plafond Kanopi Depan Marketing Office CitraGrand Cibubur CBD,239.00.00,2018-08-24,Jasa Pasang Plafond Kanopi Depan Marketing Office CitraGrand Cibubur CBD,0,439432,4394318,0,0,0,0,100,100,SHUNDA,2018-08-31,2018-09-30,0,SHUNDA,
60,071/CNI/1/1.27.3/VIII/18,Pembuatan Signage Luar Stainless Marketing Office CitraGrand Cibubur CBD,240.05.00,2018-08-03,Pembuatan Signage Luar Stainless Marketing Office CitraGrand Cibubur CBD,0,0,28000000,0,0,0,0,100,100,SPARX,2018-08-27,2018-09-17,0,SPARX,
60,122/CNI/1/1.27.3/X/18,Material Plafond Kanopi Depan Marketing Office (Tahap 2) CitraGrand Cibubur CBD,239.00.00,2018-10-30,Material Plafond Kanopi Depan Marketing Office (Tahap 2) CitraGrand Cibubur CBD,0,676590,6765900,0,0,0,0,100,100,SHUNDA,2018-10-31,2018-11-02,0,SHUNDA,
60,068/CNI/1/1.27.3/XI/17,Tiang Pancang Segi Empat Uk.20x20 Sistem Drop Hammer Marketing Office dan Site Office,240.05.00,2017-11-16,Tiang Pancang Segi Empat Uk.20x20 Sistem Drop Hammer Marketing Office dan Site Office,0,1857000,18570000,0,0,0,0,100,100,PANTON,2017-11-20,2017-12-05,0,PANTON,
60,127/CNI/1/1.27.3/XI/18,Pembuatan Kolam Air Mancur Drop Off Marketing Office CitraGrand Cibubur CBD,240.05.00,2018-11-09,Pembuatan Kolam Air Mancur Drop Off Marketing Office CitraGrand Cibubur CBD,0,0,20256410,0,0,0,0,50,50,DARMONO,2018-11-12,2018-12-03,0,DARMONO,
60,086/CNI/1/1.27.3/XII/17,Pembangunan Struktur dan MEP Marketing Office dan Site Office di CitraGrand Cibubur CBD,240.05.00,2017-12-21,Pembangunan Struktur dan MEP Marketing Office dan Site Office di CitraGrand Cibubur CBD,166077273,110718182,1107181818,5,90,0,0,95,95,IKA GRIYA,2018-01-03,2018-02-28,166077273,IKA GRIYA,
60,096/CNI/1/1.27.4/IX/18,Pondasi AC VRF Marketing Office CitraGrand Cibubur CBD,240.05.00,2018-09-03,Pondasi AC VRF Marketing Office CitraGrand Cibubur CBD,0,0,6871795,0,0,0,0,100,100,PAINI,2018-09-04,2018-09-07,0,PAINI,
60,098/CNI/1/1.27.4/IX/18,Partisi Gudang Keuangan dan GA Site Office CitraGrand Cibubur CBD,240.05.00,2018-09-05,Partisi Gudang Keuangan dan GA Site Office CitraGrand Cibubur CBD,0,0,11179487,0,0,0,0,100,100,PAINI,2018-09-10,2018-09-17,0,PAINI,
60,074/CNI/1/1.27.4/VIII/18,Pasang Grounding dan Penangkal Petir Gedung Site & Marketing Office ,225.05.00,2018-08-07,Pasang Grounding dan Penangkal Petir Gedung Site & Marketing Office ,0,1361000,13610000,0,0,0,0,100,100,MAYAGI,2018-08-13,2018-08-18,0,MAYAGI,
60,073/CNI/1/1.27.4/VIII/18,Migrasi MDF Gedung Site Office Perumahan CitraGrand Cibubur CBD,240.05.00,2018-08-07,Migrasi MDF Gedung Site Office Perumahan CitraGrand Cibubur CBD,0,640300,6403000,0,0,0,0,100,100,MAYAGI,2018-08-08,2018-08-10,0,MAYAGI,
60,117/CNI/1/1.27.4/X/18,Pemasangan Plafon Gypsum Area Marketing Office CitraGrand Cibubur CBD,240.05.00,2018-10-22,Pemasangan Plafon Gypsum Area Marketing Office CitraGrand Cibubur CBD,0,0,14000000,5,120,0,0,100,95,WAKIDI,2018-10-23,2018-10-26,0,WAKIDI,
60,111/CNI/1/1.27.4/X/18,Relokasi Jaringan Telepon Internetim Migrasi Double PABX dan Hunting dari Tenda ke Marketing Office,227.01.00,2018-10-22,Relokasi Jaringan Telepon Internetim Migrasi Double PABX dan Hunting dari Tenda ke Marketing Office,0,1996320,19963204,0,0,0,0,100,100,MAYAGI,2018-10-29,2018-11-12,0,MAYAGI,
60,119/CNI/1/1.27.4/X/18,Pembuatan Sumur Bor Site Office CitraGrand Cibubur CBD,226.01.00,2018-10-30,Pembuatan Sumur Bor Site Office CitraGrand Cibubur CBD,0,0,4565500,0,0,0,0,100,100,JASAN,2018-11-02,2018-11-05,0,JASAN,
60,107/CNI/1/1.27.4/X/18,Pemasangan Plafond Gypsum Area Marketing Office CitraGrand Cibubur CBD,239.00.00,2018-10-05,Pemasangan Plafond Gypsum Area Marketing Office CitraGrand Cibubur CBD,0,0,14000000,5,120,0,0,0,0,BAMBANGSUGI,2018-10-08,2018-10-18,0,BAMBANGSUGI,
60,118/CNI/1/1.27.4/X/18,Pembangunan Gazebo Site Office di CitraGrand Cibubur CBD,232.01.00,2018-10-25,Pembangunan Gazebo Site Office di CitraGrand Cibubur CBD,0,0,27000000,5,120,0,0,0,0,MUCHAMAD,2018-10-29,2018-12-13,0,MUCHAMAD,
60,105/CNI/1/1.27.6/IX/18,Pemindahan KWH SO & MO CitraGrand Cibubur CBD,240.05.00,2018-09-28,Pemindahan KWH SO & MO CitraGrand Cibubur CBD,0,0,6244000,0,0,0,0,100,100,IYAN,2018-09-29,2018-10-01,0,IYAN,
60,076/CNI/1/1.27.6/VIII/18,Pagar Keliling Ruang Genset Marketing Office CitraGrand Cibubur CBD,240.05.00,2018-08-13,Pagar Keliling Ruang Genset Marketing Office CitraGrand Cibubur CBD,0,0,9000000,0,0,0,0,100,100,BENGKEL,2018-08-14,2018-08-21,0,BENGKEL,
60,075/CNI/1/1.27.6/VIII/18,Pondasi Ruang Genset Marketing Office CitraGrand Cibubur CBD,240.05.00,2018-08-13,Pondasi Ruang Genset Marketing Office CitraGrand Cibubur CBD,0,0,17500000,0,0,0,0,100,100,PAINI,2018-08-14,2018-08-28,0,PAINI,
60,079/CNI/1/1.27.6/VIII/18,Jaringan Listrik Parkiran Marketing Office CitraGrand Cibubur CBD,239.00.00,2018-08-16,Jaringan Listrik Parkiran Marketing Office CitraGrand Cibubur CBD,0,6600000,66000000,5,90,0,0,100,95,DAYACIPTA,2018-08-23,2018-09-22,0,DAYACIPTA,
60,129/CNI/1/1.27.8/XI/18,Jasa Perancangan Special Lighting Kolam Patung Kuda dan Facade Depan Marketing Office,240.05.00,2018-11-13,Jasa Perancangan Special Lighting Kolam Patung Kuda dan Facade Depan Marketing Office,8000000,0,20000000,0,0,0,0,0,40,MAWDESAIN,2018-11-19,2018-12-03,8000000,MAWDESAIN,
60,032/CNI/1/1.29.8/IV/18,Pengadaan Barang Interior Marketing Office CitraGrand Cibubur CBD,101.04.00,2018-04-04,Pengadaan Barang Interior Marketing Office CitraGrand Cibubur CBD,750000000,0,1500000000,0,0,0,0,100,100,RENOVATIO,2018-04-12,2018-08-30,750000000,RENOVATIO,
60,002/CNI/1/1.3.4/I/18,Bongkar Pasang Rangka Hoarding Seberang Mall Ciputra Cibubur ,223.00.00,2018-01-08,Bongkar Pasang Rangka Hoarding Seberang Mall Ciputra Cibubur ,0,0,9743590,0,0,0,0,100,100,SUDARMIN,2018-01-11,2018-01-31,0,SUDARMIN,
60,011/CNI/1/1.3.4/I/18,Pengadaan dan Pemasangan Pagar Pengaman Besi (Guard Rail) di Atas Bronjong Sisi Sungai Cikeas,223.00.00,2018-01-25,Pengadaan dan Pemasangan Pagar Pengaman Besi (Guard Rail) di Atas Bronjong Sisi Sungai Cikeas,28740000,9580000,95800000,0,0,0,0,0,30,RAJAWALISAKTI,2018-02-05,2018-03-14,28740000,RAJAWALISAKTI,
60,010/SBM2/1/1.3.4/III/17,Pagar Portable di Pintu Utama Perumahan Citra Grand 2 Cibubur,223.00.00,2017-03-08,Pagar Portable di Pintu Utama Perumahan Citra Grand 2 Cibubur,0,0,50200000,0,0,0,0,100,100,BAMBANG P,2017-03-08,2017-04-07,0,BAMBANG P,
60,018/CNI/1/1.3.4/III/18,Pengadaan dan Pemasangan Pagar Pengaman Besi (Guard Rail) di Atas Bronjong Sisi Sungai Cikeas,223.00.00,2018-03-06,Pengadaan dan Pemasangan Pagar Pengaman Besi (Guard Rail) di Atas Bronjong Sisi Sungai Cikeas,0,14529500,145295000,0,0,0,0,100,100,CAHAYAMETAL,2018-03-06,2018-03-31,0,CAHAYAMETAL,
60,015/CNI/1/1.3.4/IV/17,Bongkar Pagar Baja Ringan di Pintu Utama Perumahan Citra Gran 2 Cibubur,223.00.00,2017-04-20,Bongkar Pagar Baja Ringan di Pintu Utama Perumahan Citra Gran 2 Cibubur,0,0,4000000,0,0,0,0,100,100,BAMBANG P,2017-04-21,2017-04-28,0,BAMBANG P,
60,031/CNI/1/1.3.4/IX/17,Bongkar Pasang Pagar Arcon Batas Tanah di Jatirangga Perumahan CitraGrand Cibubur CBD,223.00.00,2017-09-05,Bongkar Pasang Pagar Arcon Batas Tanah di Jatirangga Perumahan CitraGrand Cibubur CBD,0,0,16035072,0,0,0,0,100,100,MUHAMAD IKHSANUDIN,2017-09-07,2017-09-22,0,MUHAMAD IKHSANUDIN,
60,041/CNI/1/1.3.4/IX/17,Pengadaan dan Pemasangan Pagar Panel Beton Area Perumahan CitraGrand Cibubur CBD,223.01.00,2017-09-18,Pengadaan dan Pemasangan Pagar Panel Beton Area Perumahan CitraGrand Cibubur CBD,59540000,11908000,119080000,0,0,0,0,100,100,PRIMACON,2017-09-25,2017-10-25,59540000,PRIMACON,
60,046/CNI/1/1.3.4/V/18,Pagar Proyek Sisi Bronjong Sungai,222.04.00,2018-05-28,Pagar Proyek Sisi Bronjong Sungai,0,0,45000000,0,0,0,0,100,100,BENGKELLAS,2018-05-31,2018-06-12,0,BENGKELLAS,
60,084/CNI/1/1.3.4/VIII/18,Bongkar Pasang Rangka Hoarding Uk. 4m x 8m Perumahan CitraGrand Cibubur CBD,223.00.00,2018-08-16,Bongkar Pasang Rangka Hoarding Uk. 4m x 8m Perumahan CitraGrand Cibubur CBD,0,0,6185567,0,0,0,0,100,100,BAMBANG P,2018-08-16,2018-09-10,0,BAMBANG P,
60,062/CNI/1/1.3.4/X/17,Pembuatan Rangka Hoarding Uk. 55m x 6m di Perumahan CitraGrand Cibubur CBD,223.00.00,2017-10-19,Pembuatan Rangka Hoarding Uk. 55m x 6m di Perumahan CitraGrand Cibubur CBD,4200000,1400000,14000000,0,0,0,0,0,0,METALINDO,2017-10-20,2017-10-26,4200000,METALINDO,
60,064/CNI/1/1.3.4/X/17,Pembuatan Rangka Hoarding Uk. 3m x 6m di Perumahan CitraGrand Cibubur CBD,223.00.00,2017-10-19,Pembuatan Rangka Hoarding Uk. 3m x 6m di Perumahan CitraGrand Cibubur CBD,42000000,14000000,140000000,0,0,0,0,100,100,METALINDO,2017-10-20,2017-10-26,42000000,METALINDO,
60,061/CNI/1/1.3.4/X/17,Pembuatan Rangka Hoarding Uk. 55m x 8m di Perumahan CitraGrand Cibubur CBD,223.00.00,2017-10-19,Pembuatan Rangka Hoarding Uk. 55m x 8m di Perumahan CitraGrand Cibubur CBD,9600000,3200000,32000000,0,0,0,0,0,0,METALINDO,2017-10-20,2017-10-26,9600000,METALINDO,
60,065/CNI/1/1.3.4/X/17,Pembuatan Rangka Hoarding Uk. 3m x 6m (10 Unit) di Perumahan CitraGrand Cibubur CBD,223.00.00,2017-10-23,Pembuatan Rangka Hoarding Uk. 3m x 6m (10 Unit) di Perumahan CitraGrand Cibubur CBD,0,0,27697917,0,0,0,0,100,100,BAMBANG P,2017-10-23,2017-10-27,0,BAMBANG P,
60,110/CNI/1/1.3.4/X/18,Pemasangan Guard Rail Site Office CitraGrand Cibubur CBD,240.05.00,2018-10-18,Pemasangan Guard Rail Site Office CitraGrand Cibubur CBD,0,0,6500000,0,0,0,0,100,100,BENGKEL,2018-11-15,2018-11-25,0,BENGKEL,
60,075/CNI/1/1.3.4/XI/17,Bongkar dan Pasang Pagar Panel Beton Area Perumahan CitraGrand Cibubur CBD,223.01.00,2017-11-28,Bongkar dan Pasang Pagar Panel Beton Area Perumahan CitraGrand Cibubur CBD,8782000,2195500,21955000,0,0,0,0,100,100,PRIMACON,2017-12-04,2017-12-29,8782000,PRIMACON,
60,005/SBM2/1/1.4.4/I/17,Infrastruktur di Area Gerbang Utama di Perumahan Citra Gran 2 Cibubur,240.01.00,2017-01-25,Infrastruktur di Area Gerbang Utama di Perumahan Citra Gran 2 Cibubur,277257545,184838364,1848383636,5,90,0,0,100,105,TITIKINDAH,2017-01-30,2017-03-01,277257545,TITIKINDAH,
60,005/CNI/1/1.4.4/I/18,Perkuatan Lereng Sungai STA 0+480 - 0+580 di Perumahan CitraGrand Cibubur CBD,221.02.00,2018-01-12,Perkuatan Lereng Sungai STA 0+480 - 0+580 di Perumahan CitraGrand Cibubur CBD,257931818,171954545,1719545455,5,90,0,0,100,100,TITIKINDAH,2018-01-15,2018-03-16,257931818,TITIKINDAH,
60,012/CNI/1/1.4.4/III/17,Pergeseran Jalan dan Selasar di Pintu Gerbang Samping di Perumahan Citra Gran 2 Cibubur,224.00.00,2017-02-22,Pergeseran Jalan dan Selasar di Pintu Gerbang Samping di Perumahan Citra Gran 2 Cibubur,21450000,14300000,143000000,5,90,0,0,0,0,TITIKINDAH,2017-02-23,2017-03-16,21450000,TITIKINDAH,
60,028/CNI/1/1.4.4/III/18,Jalan Beton STA 0+000 s/d STA 0+600 di CitraGrand Cibubur CBD,224.01.00,2018-03-26,Jalan Beton STA 0+000 s/d STA 0+600 di CitraGrand Cibubur CBD,680712000,453808000,4538080000,5,90,0,0,91,91,TITIKINDAH,2018-03-27,2018-05-21,680712000,TITIKINDAH,
60,018/CNI/1/1.4.4/IV/17,Bronjong Sisi Sungai Cikeas Perumahan Citra Gran 2 Cibubur,229.00.00,2017-04-17,Bronjong Sisi Sungai Cikeas Perumahan Citra Gran 2 Cibubur,312000000,208000000,2080000000,5,90,0,0,100,100,TITIKINDAH,2017-04-26,2017-06-25,312000000,TITIKINDAH,
60,016/CNI/1/1.4.4/IV/17,Perapihan Sloofing Tanah dan Tutup Terpal di Tanah Lereng ( Rumah India ) di Perumahan Citra Gran 2,224.00.00,2017-04-28,Perapihan Sloofing Tanah dan Tutup Terpal di Tanah Lereng ( Rumah India ) di Perumahan Citra Gran 2,0,311850,3118500,5,90,0,0,100,100,TITIKINDAH,2017-05-03,2017-05-18,0,TITIKINDAH,
60,103/CNI/1/1.4.4/IX/18,Perkuatan Lereng Sungai STA 1+120 - 1+180 di Perumahan CitraGrand Cibubur CBD,221.02.00,2018-09-26,Perkuatan Lereng Sungai STA 1+120 - 1+180 di Perumahan CitraGrand Cibubur CBD,163551675,109034450,1090344500,5,120,0,0,45,45,TITIKINDAH,2018-10-01,2018-11-30,163551675,TITIKINDAH,
60,102/CNI/1/1.4.4/IX/18,Perkuatan Lereng Sungai STA 1+380 - 1+480 di Perumahan CitraGrand Cibubur CBD,221.02.00,2018-09-26,Perkuatan Lereng Sungai STA 1+380 - 1+480 di Perumahan CitraGrand Cibubur CBD,217906084,145270722,1452707225,5,120,0,0,59,59,TITIKINDAH,2018-10-01,2018-12-15,217906084,TITIKINDAH,
60,022/CNI/1/1.4.4/VI/17,Bronjong Sungai Sisi Marketing Office CitraGrand 2,222.04.00,2017-06-15,Bronjong Sungai Sisi Marketing Office CitraGrand 2,0,18200000,182000000,5,90,0,0,100,100,TITIKINDAH,2017-07-10,2017-08-09,0,TITIKINDAH,
60,026/CNI/1/1.4.4/VII/17,Jalan Beton STA 0+600 s/d STA 1+560 Perumahan Citra Grand Cibubur CBD,224.01.00,2017-07-07,Jalan Beton STA 0+600 s/d STA 1+560 Perumahan Citra Grand Cibubur CBD,818365500,545577000,5455770000,5,90,0,0,0,80,TITIKINDAH,2017-07-12,2017-10-10,818365500,TITIKINDAH,
60,054/CNI/1/1.4.4/X/17,Jalan Aspal STA 1+560 s/d STA 2+070 Perumahan CitraGrand Cibubur CBD,224.01.00,2017-10-02,Jalan Aspal STA 1+560 s/d STA 2+070 Perumahan CitraGrand Cibubur CBD,392799000,261866000,2618660000,5,90,0,0,90,90,TITIKINDAH,2017-10-02,2017-12-31,392799000,TITIKINDAH,
60,060/CNI/1/1.4.4/X/17,Perbaikan Jalan Aspal Bundaran di Perumahan CitraGrand Cibubur CBD ,224.01.00,2017-10-18,Perbaikan Jalan Aspal Bundaran di Perumahan CitraGrand Cibubur CBD ,210479400,140319600,1403196000,5,90,0,0,50,50,TITIKINDAH,2017-10-18,2017-11-18,210479400,TITIKINDAH,
60,079/CNI/1/1.4.4/XII/17,Jalan Aspal & Saluran Blok F Cluster Fraser Park di Perumahan CitraGrand Cibubur CBD  ,224.01.00,2017-12-11,Jalan Aspal & Saluran Blok F Cluster Fraser Park di Perumahan CitraGrand Cibubur CBD  ,678284700,452189800,4521898000,5,90,0,0,97,97,TITIKINDAH,2018-01-08,2018-10-05,678284700,TITIKINDAH,
60,084/CNI/1/1.4.4/XII/17,Saluran Main Ditch dan Crossing Blok F di Perumahan CitraGrand Cibubur CBD,224.01.00,2017-12-18,Saluran Main Ditch dan Crossing Blok F di Perumahan CitraGrand Cibubur CBD,282508500,56501700,565017000,5,90,0,0,96,96,TITIKINDAH,2017-12-18,2018-01-08,282508500,TITIKINDAH,
60,003/SBM2/1/1.5.6/I/17,Pindah Jalur Kabel JTRMelintas di Area Pintu Gerbang Samping Perumahan Citra Gran 2 Cibubur,225.04.00,2017-01-19,Pindah Jalur Kabel JTRMelintas di Area Pintu Gerbang Samping Perumahan Citra Gran 2 Cibubur,0,1975000,19750000,5,90,0,0,100,95,SPECTRUM,2017-01-23,2017-02-13,0,SPECTRUM,
60,008/SBM2/1/1.5.6/III/17,Pasang PJU di Main Gate Perumahan Citra Grand 2 Cibubur,225.04.00,2017-03-01,Pasang PJU di Main Gate Perumahan Citra Grand 2 Cibubur,56585475,12574550,125745500,5,90,0,0,100,100,ANUGRAH,2017-03-06,2017-04-05,56585475,ANUGRAH,
60,049/CNI/1/1.5.6/V/18,Pasang Tiang PJU Boulevard (Tahap I) Perumahan CitraGrand Cibubur CBD,225.04.00,2018-05-31,Pasang Tiang PJU Boulevard (Tahap I) Perumahan CitraGrand Cibubur CBD,155850000,51950000,519500000,5,90,0,0,81,81,GLENINDO,2018-06-20,2018-08-29,155850000,GLENINDO,
60,024/CNI/1/1.5.6/VI/17,Pemasangan Kabel TIC Lampu PJU ke Gardu Induk PLN Cileungsi,225.04.00,2017-06-13,Pemasangan Kabel TIC Lampu PJU ke Gardu Induk PLN Cileungsi,0,1136350,11363500,5,90,0,0,100,100,ANUGRAH,2017-06-13,2017-06-20,0,ANUGRAH,
60,116/CNI/1/1.6.4/X/18,Jaringan Air Bersih Fasilitas Kota Perumahan CitraGrand Cibubur CBD,221.05.00,2018-10-22,Jaringan Air Bersih Fasilitas Kota Perumahan CitraGrand Cibubur CBD,0,50000000,500000000,5,120,0,0,0,0,PANCAWIRA,2018-11-29,2019-05-28,0,PANCAWIRA,
60,047/CNI/1/1.7.4/V/18,Relokasi Jaringan Telepon Astinet Indihome dan TV Kabel Perumahan CitraGrand Cibubur CBD,227.01.00,2018-05-28,Relokasi Jaringan Telepon Astinet Indihome dan TV Kabel Perumahan CitraGrand Cibubur CBD,0,2632030,26320296,0,0,0,0,100,100,MAYAGI,2018-05-30,2018-06-20,0,MAYAGI,
60,058/CNI/1/1.7.4/VII/18,Shalter MDF & Grounding Marketing Office Perumahan CitraGrand Cibubur CBD,240.05.00,2018-07-10,Shalter MDF & Grounding Marketing Office Perumahan CitraGrand Cibubur CBD,0,1365833,13658333,0,0,0,0,100,100,MAYAGI,2018-07-12,2018-07-19,0,MAYAGI,
60,002/SBM2/2.11.3/I/17,Pembangunan Gerbang Cluster Royal Citra Gran 2 Cibubur,231.01.00,2017-01-13,Pembangunan Gerbang Cluster Royal Citra Gran 2 Cibubur,67420520,44947013,449470130,5,90,0,0,100,105,SARANA BANGUN,2017-01-18,2017-05-19,67420520,SARANA BANGUN,
60,047/CNI/1/6.1.8/IX/17,Pembuatan Perspektif 3D Tipe Rumah L=8 dan L=10 Blok E di Perumahan CitraGrand Cibubur CBD,103.01.00,2017-09-27,Pembuatan Perspektif 3D Tipe Rumah L=8 dan L=10 Blok E di Perumahan CitraGrand Cibubur CBD,0,0,5800000,0,0,0,0,100,100,CBA,2017-09-27,2017-09-30,0,CBA,
60,056/CNI/1/6.1.8/X/17,Pembuatan 3D MEV Suasana Danau Blok E Di Perumahan CitraGrand Cibubur CBD,103.01.00,2017-10-13,Pembuatan 3D MEV Suasana Danau Blok E Di Perumahan CitraGrand Cibubur CBD,0,0,22500000,0,0,0,0,100,100,ILLUSTRATION ,2017-10-16,2017-10-19,0,ILLUSTRATION ,
60,057/CNI/1/6.1.8/X/17,Pembuatan Perspektif 3D Eksterior Tipe Rumah Blok E Lebar 10 (2 Lt) di Perumahan CitraGrand Cibubur ,103.01.00,2017-10-16,Pembuatan Perspektif 3D Eksterior Tipe Rumah Blok E Lebar 10 (2 Lt) di Perumahan CitraGrand Cibubur ,0,0,2900000,0,0,0,0,100,100,CBA,2017-10-16,2017-10-19,0,CBA,
60,074/CNI/1/6.1.8/XI/17,Stripping Blok E di Perumahan CitraGrand Cibubur CBD,239.00.00,2017-11-27,Stripping Blok E di Perumahan CitraGrand Cibubur CBD,0,11113000,111130000,0,0,0,0,100,100,TITIKINDAH,2017-11-27,2017-12-22,0,TITIKINDAH,
60,081/CNI/1/6.1.8/XII/17,Pembuatan Maket Rumah Tipe Lebar 8 dan Lebar 10 di Blok E Perumahan CitraGrand Cibubur CBD,100.00.00,2017-12-11,Pembuatan Maket Rumah Tipe Lebar 8 dan Lebar 10 di Blok E Perumahan CitraGrand Cibubur CBD,38461539,0,76923077,0,0,0,0,100,100,WAYANG ,2017-12-25,2018-02-10,38461539,WAYANG ,
60,131/CNI/1/6.4.4/XI/18,Jalan Aspal & Saluran Blok E Cluster Lagoon Residence di Perumahan CitraGrand Cibubur CBD,224.01.00,2018-11-16,Jalan Aspal & Saluran Blok E Cluster Lagoon Residence di Perumahan CitraGrand Cibubur CBD,405000000,270000000,2700000000,5,90,0,0,0,0,TITIKINDAH,2018-12-03,2019-07-31,405000000,TITIKINDAH,
60,035/CNI/1/7.1.8/IX/17,Pembuatan Maket Rumah Tipe Lebar 6 2 Lt dan Lebar 7 2 Lt di Blok F Perumahan CitraGrand Cibubur  CBD,100.00.00,2017-09-13,Pembuatan Maket Rumah Tipe Lebar 6 2 Lt dan Lebar 7 2 Lt di Blok F Perumahan CitraGrand Cibubur  CBD,33000000,0,66000000,0,0,0,0,100,100,WAYANG ,2017-09-14,2017-11-30,33000000,WAYANG ,
60,030/CNI/1/7.1.8/VIII/17,Pembuatan Perspektif 3D Tipe Rumah Blok F di Perumahan CitraGrand Cibubur CBD,103.01.00,2017-08-29,Pembuatan Perspektif 3D Tipe Rumah Blok F di Perumahan CitraGrand Cibubur CBD,0,0,14500000,0,0,0,0,100,100,CBA,2017-08-29,2017-09-01,0,CBA,
60,025/CNI/1/7.11.3/III/18,Pembangunan Gerbang dan Pos Jaga Cluster Fraser Park di CitraGrand Cibubur CBD,231.01.00,2018-03-21,Pembangunan Gerbang dan Pos Jaga Cluster Fraser Park di CitraGrand Cibubur CBD,88500000,59000000,590000000,5,90,0,0,94,94,IKA GRIYA,2018-03-26,2018-07-24,88500000,IKA GRIYA,
60,070/CNI/1/7.11.3/VIII/18,Pembuatan Signage Neon Box Gerbang Cluster Fraser Park,231.01.00,2018-08-03,Pembuatan Signage Neon Box Gerbang Cluster Fraser Park,0,0,45000000,0,0,0,0,100,100,SPARX,2018-08-20,2018-09-10,0,SPARX,
60,016/CNI/1/7.12.5/III/18,Pembuatan Taman PHU Utama Depan Gerbang Cluster Fraser Park Perumahan CitraGrand Cibubur CBD,231.01.00,2018-03-05,Pembuatan Taman PHU Utama Depan Gerbang Cluster Fraser Park Perumahan CitraGrand Cibubur CBD,0,7450000,74500000,10,180,0,0,100,90,LOKACIPTA,2018-03-08,2018-03-31,0,LOKACIPTA,
60,020/CNI/1/7.12.5/III/18,Pembangunan Gazebo Taman PHU Utama Cluster Fraser Park di CitraGrand Cibubur CBD,232.01.00,2018-03-09,Pembangunan Gazebo Taman PHU Utama Cluster Fraser Park di CitraGrand Cibubur CBD,32500000,6500000,65000000,5,90,0,0,100,95,IKA GRIYA,2018-03-12,2018-03-31,32500000,IKA GRIYA,
60,021/CNI/1/7.12.5/III/18,Pemadatan Area Hardscape Taman PHU Utama Cluster Fraser Park di CitraGrand Cibubur CBD,232.01.00,2018-03-15,Pemadatan Area Hardscape Taman PHU Utama Cluster Fraser Park di CitraGrand Cibubur CBD,0,1430000,14300000,5,90,0,0,100,95,TITIKINDAH,2018-03-16,2018-03-22,0,TITIKINDAH,
60,019/CNI/1/7.12.5/III/18,Pembuatan Hardscape Taman PHU Utama Cluster Fraser Park CitraGrand Cibubur CBD,232.01.00,2018-03-07,Pembuatan Hardscape Taman PHU Utama Cluster Fraser Park CitraGrand Cibubur CBD,40500000,8100000,81000000,5,180,0,0,100,100,HARI,2018-03-09,2018-03-26,40500000,HARI,
60,067/CNI/1/7.12.5/VIII/18,Pembuatan Taman Gerbang Utama Cluster Fraser Park Perumahan CitraGrand Cibubur CBD,232.01.00,2018-08-01,Pembuatan Taman Gerbang Utama Cluster Fraser Park Perumahan CitraGrand Cibubur CBD,0,6100000,61000000,10,180,0,0,100,90,PESONA,2018-09-03,2018-10-03,0,PESONA,
60,121/CNI/1/7.12.5/X/18,Penanaman Pohon Tabebuya Pink dan Rumput Berm di Area Perumahan CitraGrand Cibubur CBD,232.01.00,2018-10-30,Penanaman Pohon Tabebuya Pink dan Rumput Berm di Area Perumahan CitraGrand Cibubur CBD,0,17180000,171800000,10,180,0,0,0,0,LOKACIPTA,2018-11-05,2019-03-05,0,LOKACIPTA,
60,023/CNI/1/7.13.4/III/18,Pembuatan Finishing Bangku Taman PHU Utama Cluster Fraser Park di CitraGrand Cibubur CBD,232.01.00,2018-03-20,Pembuatan Finishing Bangku Taman PHU Utama Cluster Fraser Park di CitraGrand Cibubur CBD,0,1029991,10299910,0,0,0,0,100,100,NANDIKARA,2018-03-26,2018-03-31,0,NANDIKARA,
60,108/CNI/1/7.3.4/X/18,Bongkar Pasang dan Pasang Baru Pagar Panel Beton Batas Tanah Jatirangga CitraGrand Cibubur CBD,223.01.00,2018-10-12,Bongkar Pasang dan Pasang Baru Pagar Panel Beton Batas Tanah Jatirangga CitraGrand Cibubur CBD,0,1422000,14220000,0,0,0,0,100,100,JAYACON,2018-10-15,2018-11-04,0,JAYACON,
60,041/CNI/1/7.5.6/V/18,Pasang Tiang PJU Cluster Fraser Park (3 Unit) Perumahan CitraGrand Cibubur CBD,225.04.00,2018-05-15,Pasang Tiang PJU Cluster Fraser Park (3 Unit) Perumahan CitraGrand Cibubur CBD,15750000,3150000,31500000,5,90,0,0,100,100,GLENINDO,2018-05-16,2018-06-13,15750000,GLENINDO,
60,068/CNI/1/7.5.6/VIII/18,Pemasangan Lampu Taman PHU Dekat Gerbang Utama Cluster Fraser Park,232.01.00,2018-08-02,Pemasangan Lampu Taman PHU Dekat Gerbang Utama Cluster Fraser Park,0,1911100,19111000,0,0,0,0,100,100,ANUGRAH,2018-08-06,2018-08-20,0,ANUGRAH,
60,112/CNI/1/7.6.4/X/18,Jaringan Air Bersih Cluster Fraser Park Perumahan CitraGrand Cibubur CBD,221.05.00,2018-10-22,Jaringan Air Bersih Cluster Fraser Park Perumahan CitraGrand Cibubur CBD,95310000,63540000,635400000,5,120,0,0,0,0,PANCAWIRA,2018-11-01,2019-04-30,95310000,PANCAWIRA,
60,120/CNI/1/7.6.4/X/18,Pembuatan Sumur Bor Pos Jaga Cluster Fraser Park CitraGrand Cibubur CBD,226.01.00,2018-10-30,Pembuatan Sumur Bor Pos Jaga Cluster Fraser Park CitraGrand Cibubur CBD,0,0,4565500,0,0,0,0,100,100,JASAN,2018-11-02,2018-11-05,0,JASAN,
60,001/CNI/Prom/Mkt/I/18,Perpanjangan Sewa Billboard Bando Ukuran 6mx12m di Gapura Cikeas Jl. Transyogi Cibubur ,239.00.00,2018-01-03,Perpanjangan Sewa Billboard Bando Ukuran 6mx12m di Gapura Cikeas Jl. Transyogi Cibubur ,0,10000000,100000000,0,0,0,0,100,100,HARTIKA,2018-01-04,2018-01-11,0,HARTIKA,
60,004/CNI/Prom/Mkt/I/18,Billboard Uk. 5mx10m di Kranggan Median Jalan (X-Honda Motor) Per 13 Januari 2018 - 12 Januari 2019,224.01.00,2018-01-12,Billboard Uk. 5mx10m di Kranggan Median Jalan (X-Honda Motor) Per 13 Januari 2018 - 12 Januari 2019,0,21000000,210000000,0,0,0,0,100,100,PLATBOARD,2018-01-12,2018-01-13,0,PLATBOARD,
60,010/CNI/Prom/Mkt/I/18,Billboard Ukuran 5m x 10m di Jl. Margonda Kota Depok Periode 29 Januari 2018 - 28 Januari 2019,239.00.00,2018-01-25,Billboard Ukuran 5m x 10m di Jl. Margonda Kota Depok Periode 29 Januari 2018 - 28 Januari 2019,69000000,23000000,230000000,0,0,0,0,100,100,PLATBOARD,2018-01-28,2018-01-29,69000000,PLATBOARD,
60,017/CNI/Prom/Mkt/III/18,Sewa Billboard Bando Uk.6m x 12m di Gapura Cikeas Periode 1 April 2018 - 30 Juni 2018,239.00.00,2018-03-06,Sewa Billboard Bando Uk.6m x 12m di Gapura Cikeas Periode 1 April 2018 - 30 Juni 2018,0,10000000,100000000,0,0,0,0,100,100,HARTIKA,2018-04-01,2018-04-03,0,HARTIKA,
60,019/CNI/Prom/Mkt/IV/17,Sewa Billboard Bando di Jalan Alternatif Cibubur ( depan JEC sisi Jakarta - Cileungsi ) ,224.01.00,2017-04-25,Sewa Billboard Bando di Jalan Alternatif Cibubur ( depan JEC sisi Jakarta - Cileungsi ) ,0,47500000,475000000,0,0,0,0,100,100,HARTIKA,2017-05-01,2017-05-11,0,HARTIKA,
60,033/CNI/Prom/Mkt/IV/18,Pemakaian Billboard Uk. 8m x 16m di Jl Tol Jagorawi KM 11+000A Periode 24 April 2018 - 23 April 2019,239.00.00,2018-04-09,Pemakaian Billboard Uk. 8m x 16m di Jl Tol Jagorawi KM 11+000A Periode 24 April 2018 - 23 April 2019,0,31220000,312200000,0,0,0,0,100,100,PLATBOARD,2018-04-22,2018-04-23,0,PLATBOARD,
60,033/CNI/Prom/Mkt/IX/17,Pembuatan Booth Exhibition & Interior CitraGrand Cibubur CBD di Mall Ciputra Cibubur,101.04.00,2017-09-06,Pembuatan Booth Exhibition & Interior CitraGrand Cibubur CBD di Mall Ciputra Cibubur,157500000,31500000,315000000,5,90,0,0,100,100,JASON,2017-09-06,2017-09-24,157500000,JASON,
60,034/CNI/PROM/MKT/IV/18,Biaya Pemakaian Billboard Uk. 8m x 16m di Jl Tol Jagorawi KM 11+000A Per 24 Apr 2018 - 23 Apr 2019,239.00.00,2018-04-09,Biaya Pemakaian Billboard Uk. 8m x 16m di Jl Tol Jagorawi KM 11+000A Per 24 Apr 2018 - 23 Apr 2019,0,0,1287800000,0,0,0,0,100,100,PLATBOARD,2018-04-22,2018-04-23,0,PLATBOARD,
60,034/CNI/Prom/Mkt/IX/17,Sewa Billboard Bando Uk 6mx12m di Gapura Cikeas Jl. Transyogi Cibubur Periode 1 Okt17 - 31 Des17 ,239.00.00,2017-09-08,Sewa Billboard Bando Uk 6mx12m di Gapura Cikeas Jl. Transyogi Cibubur Periode 1 Okt17 - 31 Des17 ,0,10000000,100000000,0,0,0,0,100,100,HARTIKA,2017-09-11,2017-09-30,0,HARTIKA,
60,035/CNI/PROM/MKT/IV/18,Sewa Tanaman Untuk Booth Pameran di Mal Ciputra Cibubur Periode 19 April 2018 - 19 Desember 2018,232.01.00,2018-04-17,Sewa Tanaman Untuk Booth Pameran di Mal Ciputra Cibubur Periode 19 April 2018 - 19 Desember 2018,0,540000,5400000,0,0,0,0,0,100,DWIKARYAUTAMA,2018-04-18,2018-04-19,0,DWIKARYAUTAMA,
60,038/CNI/Prom/Mkt/IX/17,Sewa Billboard Bando Uk 5m x 10m di Depan RM Simpang Raya Kranggan Cibubur (satu sisi),239.00.00,2017-09-14,Sewa Billboard Bando Uk 5m x 10m di Depan RM Simpang Raya Kranggan Cibubur (satu sisi),0,0,60000000,0,0,0,0,100,100,PROMEDIA,2017-10-01,2018-01-01,0,PROMEDIA,
60,039/CNI/PROM/MKT/IX/17,Sewa Billboard Bando Ukuran 5m x 10m di Rest Area Jl. Tol Jakarta - Cikampek KM 19.00A Tambun Bekasi,239.00.00,2017-09-14,Sewa Billboard Bando Ukuran 5m x 10m di Rest Area Jl. Tol Jakarta - Cikampek KM 19.00A Tambun Bekasi,0,12000000,120000000,0,0,0,0,100,100,SONODA,2017-10-01,2018-01-01,0,SONODA,
60,043/CNI/PROM/MKT/IX/17,Pemindahan Billboard Uk. 5m x 10m dari Gerbang Samping CGCC ke Jl. Raya Hankam Jatiwarna Bekasi,239.00.00,2017-09-25,Pemindahan Billboard Uk. 5m x 10m dari Gerbang Samping CGCC ke Jl. Raya Hankam Jatiwarna Bekasi,0,15000000,150000000,0,0,0,0,100,100,PLATBOARD,2017-09-25,2017-09-30,0,PLATBOARD,
60,044/CNI/PROM/MKT/IX/17,Sewa Billboard Uk.4m x 8m di Jl. Komsen Jatiasih Kota Bekasi (median jalan),224.01.00,2017-09-25,Sewa Billboard Uk.4m x 8m di Jl. Komsen Jatiasih Kota Bekasi (median jalan),0,11500000,115000000,0,0,0,0,100,100,PLATBOARD,2017-09-25,2017-09-30,0,PLATBOARD,
60,048/CNI/PROM/MKT/IX/17,Pembuatan Spanduk Kain Uk.115m x 8m Sistem Sablon Slongsong Kiri Kanan,240.05.00,2017-09-25,Pembuatan Spanduk Kain Uk.115m x 8m Sistem Sablon Slongsong Kiri Kanan,0,5000000,50000000,0,0,0,0,100,100,PLATBOARD,2017-09-25,2017-09-30,0,PLATBOARD,
60,051/CNI/PROM/MKT/VI/18,Sewa Billboard Bando Uk. 6m x 12m di Gapura Cikeas Periode 01 Juli 2018 - 30 September 2018,239.00.00,2018-06-29,Sewa Billboard Bando Uk. 6m x 12m di Gapura Cikeas Periode 01 Juli 2018 - 30 September 2018,0,11000000,110000000,0,0,0,0,100,100,HARTIKA,2018-06-30,2018-07-01,0,HARTIKA,
60,057/CNI/PROM/MKT/VII/18,Sewa Billboard Bando Uk. 6m x 12m di Gapura Cikeas Periode 01 Agustus 2018 - 31 Desember 2018,239.00.00,2018-07-09,Sewa Billboard Bando Uk. 6m x 12m di Gapura Cikeas Periode 01 Agustus 2018 - 31 Desember 2018,0,22500000,225000000,0,0,0,0,100,100,HARTIKA,2018-07-24,2018-07-31,0,HARTIKA,
60,077/CNI/PROM/MKT/VIII/18,Perubahan Ukuran Booth Exhibition & Interior CitraGrand Cibubur CBD di Mall Ciputra Cibubur ,101.04.00,2018-08-14,Perubahan Ukuran Booth Exhibition & Interior CitraGrand Cibubur CBD di Mall Ciputra Cibubur ,0,3150000,31500000,0,0,0,0,100,100,JASON,2018-08-20,2018-08-25,0,JASON,
60,083/CNI/1/10.1.8/XII/17,Pembuatan DED Struktur Arsitektur & MEP Ruko dan Main Gate Fraser Park ,103.02.00,2017-12-14,Pembuatan DED Struktur Arsitektur & MEP Ruko dan Main Gate Fraser Park ,0,0,36900000,0,0,0,0,100,100,GARIS STUDIO,2017-12-18,2018-02-01,0,GARIS STUDIO,
60,113/CNI/1/10.6.4/X/18,Jaringan Air Bersih Ruko Fraser Park 01 02 03 Perumahan CitraGrand Cibubur CBD,221.05.00,2018-10-22,Jaringan Air Bersih Ruko Fraser Park 01 02 03 Perumahan CitraGrand Cibubur CBD,13052400,8701600,87016000,5,120,0,0,0,0,PANCAWIRA,2018-11-08,2019-05-07,13052400,PANCAWIRA,
60,104/CNI/PROM/MKT/IX/18,Perpanjangan Sewa Billboard Bando Ukuran 6m x 12m Periode 01 Oktober 2018 - 31 Desember 2018,239.00.00,2018-09-28,Perpanjangan Sewa Billboard Bando Ukuran 6m x 12m Periode 01 Oktober 2018 - 31 Desember 2018,0,11000000,110000000,0,0,0,0,100,100,HARTIKA,2018-09-30,2018-10-01,0,HARTIKA,
60,106/CNI/PROM/MKT/X/18,Biaya Bongkar Konstruksi Billboard Ukuran 5m x 10m di Jl. Raya Hankam Kota Bekasi,239.00.00,2018-10-01,Biaya Bongkar Konstruksi Billboard Ukuran 5m x 10m di Jl. Raya Hankam Kota Bekasi,0,2000000,20000000,0,0,0,0,100,100,PLATBOARD,2018-10-04,2018-10-08,0,PLATBOARD,
60,114/CNI/1/11.6.4/X/18,Jaringan Air Bersih Ruko Lagoon Residence 01 02 Perumahan CitraGrand Cibubur CBD,221.05.00,2018-10-22,Jaringan Air Bersih Ruko Lagoon Residence 01 02 Perumahan CitraGrand Cibubur CBD,8877900,5918600,59186000,5,120,0,0,0,0,PANCAWIRA,2018-11-15,2019-05-14,8877900,PANCAWIRA,
60,115/CNI/1/12.6.4/X/18,Jaringan Air Bersih Ruko AR 01 Perumahan CitraGrand Cibubur CBD,221.05.00,2018-10-22,Jaringan Air Bersih Ruko AR 01 Perumahan CitraGrand Cibubur CBD,5610000,3740000,37400000,5,120,0,0,0,0,PANCAWIRA,2018-11-22,2019-05-21,5610000,PANCAWIRA,
