60,040/PGM/1/1.1.4/IX/17,,221.06.00,2015-02-18,Penyelidikan Tanah di Proyek Perumahan CitraLand Cibubur,50.00,631750.00,6317500.00,0.00,0.00,0.00,0.00,100.00,100.00,INDECO,2017-09-25,2017-10-04,3158750.00,INDECO,6317500.00
60,019/PGM/1/1.1.4/IV/18,,226.01.00,2015-02-18,Perencanaan Design Jaringan Air Bersih di Proyek Perumahan CitraLand Cibubu,40.00,8925000.00,89250000.00,5.00,120.00,0.00,0.00,95.00,100.00,MKS,2018-04-09,2018-04-23,35700000.00,MKS,89250000.00
60,020/PGM/1/1.1.4/IX/17,,221.00.00,2015-02-20,Struktur dan Arsitektur Fontain Patung Entrepreneur di Proyek Perumahan CitraLand Cibubur,15.00,39570000.00,395700000.00,5.00,120.00,0.00,0.00,64.05,64.05,ASIA PASIFIK,2017-09-14,2017-12-13,59355000.00,ASIA PASIFIK,395700000.00
60,039/PGM/1/1.1.4/XI/16,,103.01.00,2015-04-16,3D Impresion Kawasan Komersial 6 Unit di Proyek Perumahan CitraLand Cibubur,0.00,6800000.00,68000000.00,0.00,0.00,0.00,0.00,100.00,100.00,PIRANASIA,2016-11-10,2016-12-26,0.00,PIRANASIA,68000000.00
60,053/PGM/1/1.1.4/XII/16,,240.05.00,2015-04-17,Perencanaan Design Struktur Gerbang Mega Cluster Monteverde di Proyek Perumahan CitraLand Cibubur,0.00,0.00,9000000.00,0.00,0.00,0.00,0.00,100.00,100.00,FRIDAWATI,2016-12-08,2016-12-22,0.00,FRIDAWATI,9000000.00
60,001/PGM/1/1.1.7/II/15,,221.00.00,2015-04-20,Pengukuran Tanah PT. Panasia Griya Mekarasri,50.00,0.00,81968986.00,0.00,0.00,0.00,0.00,100.00,100.00,RAHMAN,2015-02-26,2015-03-26,40984493.00,RAHMAN,81968986.00
60,025/PGM/1/1.1.7/V/18,,103.04.00,2015-06-08,Pembuatan Gambar Kerja dan Perhitungan Struktur Ruko The Avenue di Proyek Perumahan CitraLand Cibubu,0.00,360000.00,9000000.00,0.00,0.00,0.00,0.00,100.00,100.00,WAHYU JATI,2018-05-16,2018-06-06,0.00,WAHYU JATI,9000000.00
60,015/PGM/1/1.1.7/IX/15,,221.00.00,2015-06-08,Test Analisa Geolistrik di Proyek Perumahan CitraLand Cibubur ,0.00,1500000.00,15000000.00,0.00,0.00,0.00,0.00,100.00,100.00,REVOLOGY,2015-11-09,2015-11-23,0.00,REVOLOGY,15000000.00
60,010/PGM/1/1.1.7/VIII/15,,221.00.00,2015-06-09,Perencanaan Design Infrastruktur Luas 43.6 Ha di Proyek Perumahan CitraLand - Cibubur,35.00,45000000.00,450000000.00,0.00,0.00,0.00,0.00,100.00,100.00,MKS,2015-08-25,2015-11-09,157500000.00,MKS,450000000.00
60,003/PGM/1/1.1.8/I/18,,103.01.00,2015-07-01,3D Impresion Kawasan Ruko ( 1 unit MEV dan 1 unit BEV) di Proyek Perumahan CitraLand Cibubur,50.00,2900000.00,29000000.00,0.00,0.00,0.00,0.00,100.00,100.00,PIRANASIA,2018-01-15,2018-01-29,14500000.00,PIRANASIA,29000000.00
60,004/PGM/1/1.1.8/I/18,,103.04.00,2015-08-21,Pembuatan Gambar Kerja Rumah Tinggal Dua Lantai L.7m (Include Perhitungan Struktur) Attaleya 2 di Pr,0.00,71250.00,2375000.00,0.00,0.00,0.00,0.00,100.00,100.00,WAHYU JATI,2018-01-24,2018-02-07,0.00,WAHYU JATI,2375000.00
60,010/PGM/1.1.8/II/17,,103.01.00,2015-08-27,Pembuatan 3DDR Perspektif Rumah Tipe Attaleya di Proyek Perumahan CitraLand Cibubur,0.00,0.00,2974359.00,0.00,0.00,0.00,0.00,100.00,100.00,CBA,2017-02-21,2017-03-02,0.00,CBA,2974359.00
60,002/PGM/1/1.1.8/III/16,,103.01.00,2015-11-09,Perubahan Pembuatan Design Perspektif 3D 6 Type Rumah di Perumahan CitraLand Cibubur,0.00,0.00,8400000.00,0.00,0.00,0.00,0.00,100.00,100.00,CBA,2016-03-14,2016-05-16,0.00,CBA,8400000.00
60,003/PGM/1/1.1.8/III/16,,103.04.00,2015-12-01,Pembuatan Gambar Kerja Rumah 2 Lantai di Perumahan CitraLand Cileungsi,0.00,0.00,4020618.00,0.00,0.00,0.00,0.00,100.00,100.00,WAHYU JATI,2016-03-24,2016-04-07,0.00,WAHYU JATI,4020618.00
60,024/PGM/1/1.1.8/IX/16,,221.00.00,2015-12-01,Penyusunan dan Pengurusan ANDALALIN untuk Area lahan seluas 156 Ha di Proyek Perumahan CitraLand,0.00,15000000.00,150000000.00,0.00,0.00,0.00,0.00,100.00,100.00,INDOCONSULT,2016-09-15,2016-10-31,0.00,INDOCONSULT,150000000.00
60,028/PGM/1/1.1.8/IX/16,,100.00.00,2016-02-09,Pembuatan 2 unit Maket Rumah Type 69/120 dan tipe 139/200m di Proyek Perumahan CitraLand Cibubur,0.00,4050000.00,40500000.00,0.00,0.00,0.00,0.00,100.00,0.00,Mili,2016-09-20,2016-10-11,0.00,Mili,40500000.00
60,042/PGM/1/1.1.8/IX/17,,103.01.00,2016-03-11,Pembuatan 3DDR Perspektif 1 unit Tipe Rumah di Proyek Perumahan CitraLand Cibubur,0.00,0.00,2974359.00,0.00,0.00,0.00,0.00,100.00,100.00,CBA,2017-09-25,2017-10-02,0.00,CBA,2974359.00
60,059/PGM/1/1.1.8/IX/18,,103.01.00,2016-03-24,Pembuatan 3DDR Perspektif Tipe Rumah New Livistona L6 di Proyek Perumahan CitraLand Cibubur,0.00,0.00,2974359.00,0.00,0.00,0.00,0.00,0.00,0.00,CBA,2018-09-26,2018-10-02,0.00,CBA,2974359.00
60,011/PGM/1/1.1.8/VI/16,,221.00.00,2016-04-07,"Pembuatan Gambar 2 Unit Semi BEV, 7 Unit ELS, 1 Unit AV keseluruhan dan 1 unit Masterplan 2D ",0.00,0.00,90769231.00,0.00,0.00,0.00,0.00,0.00,0.00,ILLUSTRATION ,2016-06-13,2016-07-04,0.00,ILLUSTRATION ,90769231.00
60,031/PGM/1/1.1.8/VI/17,,103.04.00,2016-05-10,"Pembuatan Gambar Kerja 3 unit Rumah ( Struktur, Arsitektur dan ME) tipe Attaleya 1,2 dan Caryota 4 ",0.00,590909.00,5909091.00,0.00,0.00,0.00,0.00,100.00,100.00,WAHYU JATI,2017-06-07,2017-07-07,0.00,WAHYU JATI,5909091.00
60,030/PGM/1/1.1.8/VI/18,,221.06.00,2016-06-01,"Penyelidikan Tanah Area Ruko, Livistona & Attaleya (6 Titik) di Proyek Perumahan CitraLand Cibubur",50.00,860000.00,8600000.00,0.00,0.00,0.00,0.00,100.00,100.00,INDECO,2018-07-02,2018-07-11,4300000.00,INDECO,8600000.00
60,033/PGM/1/1.1.8/VI/18,,103.01.00,2016-06-09,Pembuatan 3DDR Perspektif 2 Unit Rumah Tipe Areca Lebar 6 & 7 Rumah di Proyek Perumahan CitraLand,0.00,145000.00,5800000.00,0.00,0.00,0.00,0.00,100.00,100.00,CBA,2018-07-01,2018-07-09,0.00,CBA,5800000.00
60,011/PGM/1/1.1.8/VIII/15,,239.00.00,2016-06-10,Pembuatan Perspektif 3D 6 Type Rumah di Perumahan CitraLand Cibubur,0.00,0.00,16800000.00,0.00,0.00,0.00,0.00,100.00,100.00,CBA,2015-08-27,2015-09-09,0.00,CBA,16800000.00
60,020/PGM/1/1.1.8/VIII/16,,221.00.00,2016-06-10,Pembuatan Maket Master Plan Ukuran 2550mm x 2900mm di Proyek Perumahan CitraLand Cibubur,40.00,16500000.00,165000000.00,0.00,0.00,0.00,0.00,100.00,100.00,Mili,2016-09-01,2016-10-15,66000000.00,Mili,165000000.00
60,043/PGM/1/1.1.8/VIII/18,,103.04.00,2016-06-14,Pembuatan Gambar Kerja dan Perhitungan Rumah Aphandra A02/09 dan Aphandra B.01/01 ,0.00,0.00,10206186.00,0.00,0.00,0.00,0.00,0.00,0.00,WAHYU JATI,2018-08-08,2018-08-29,0.00,WAHYU JATI,10206186.00
60,040/PGM/1/1.1.8/XI/16,,221.00.00,2016-07-25,"Tambah Perencanaan Design Infrastruktur Luas 7,6 HA Karena Perubahan Site Plan di Proyek Perumahan ",35.00,4990000.00,49900000.00,0.00,0.00,0.00,0.00,35.00,0.00,MKS,2016-11-10,2016-12-23,17465000.00,MKS,49900000.00
60,017/PGM/1/1.1.8/XII/15,,103.04.00,2016-07-26,Pembuatan Gambar Kerja Rumah Tinggal 1 lantai Proyek Perumahan CitraLand - Cibubur,0.00,0.00,3404252.00,0.00,0.00,0.00,0.00,100.00,100.00,WAHYU JATI,2015-12-01,2015-12-21,0.00,WAHYU JATI,3404252.00
60,007/PGM/1/1.11.3/V/16,,240.01.00,2016-07-27,Main Gate (Gerbang Utama),15.00,133640000.00,1336400000.00,5.00,120.00,0.00,0.00,105.00,100.00,SSE,2016-05-30,2016-07-30,200460000.00,SSE,1336400000.00
60,044/PGM/1/1.11.3/X/17,,240.00.00,2016-08-29,Instalasi ME dan Water Fontain Bundaran Patung Entrepreneur di Proyek Perumahan CitraLand Cibubur,15.00,31100000.00,311000000.00,5.00,120.00,0.00,0.00,100.00,100.00,PANCAWIRA,2017-10-23,2017-12-07,46650000.00,PANCAWIRA,311000000.00
60,055/PGM/1/1.11.3/XII/16,,231.00.00,2016-08-30,Pembuatan Pos Pintu Masuk Gerbang Cluster Monteverde tahap I di Proyek Perumahan CitraLand Cibubur,30.00,12843700.00,128437000.00,5.00,90.00,0.00,0.00,63.00,63.00,INTAN,2016-12-14,2017-02-14,38531100.00,INTAN,128437000.00
60,005/PGM/1/1.11.4/I/17,,231.00.00,2016-08-31,Pembangunan Gerbang Cluster Monteverde Tahap II ( Penutup atas Pos Jaga dan Pasangan Ornamen Conwod),30.00,62180000.00,621800000.00,5.00,120.00,0.00,0.00,100.00,100.00,SSE,2017-01-27,2017-03-13,186540000.00,SSE,621800000.00
60,052/PGM/1/1.11.4/XII/17,,239.00.00,2016-09-02,Pembuatan Rangka MMT Area Boulevard dan Patung Entrepreneur di Proyek Perumahan CitraLand Cibubur,40.00,3640000.00,36400000.00,5.00,60.00,0.00,0.00,95.00,100.00,INTAN,2017-12-20,2018-01-11,14560000.00,INTAN,36400000.00
60,046/PGM/1/1.12.1/XI/16,,100.00.00,2016-09-06,Taman Rumah Contoh L.8 1 lantai Blok B.03 No.26 di Proyek Perumahan CitraLand Cibubur,0.00,1848000.00,18480000.00,10.00,90.00,0.00,0.00,100.00,100.00,EUPHORBIA,2016-11-25,2016-12-01,0.00,EUPHORBIA,18480000.00
60,004/PGM/1/1.12.5/I/17,,232.01.00,2016-09-08,Taman Berm Tahap II dan pohon Penutup Area Kampung di Proyek Perumahan CitraLand Cibubur,30.00,17571091.00,175710909.00,10.00,90.00,0.00,0.00,100.00,100.00,MITREKA,2017-01-25,2017-02-13,52713272.70,MITREKA,175710909.00
60,016/PGM/1/1.12.5/III/18,,232.01.00,2016-09-14,Softscape Taman Danau Cluster Monteverde di Proyek Perumahan CitraLand Cibubur,30.00,15400000.00,154000000.00,10.00,180.00,0.00,0.00,60.00,60.00,FLORA,2018-05-02,2018-06-16,46200000.00,FLORA,154000000.00
60,011/PGM/1/1.12.5/III/18,,232.01.00,2016-09-16,Taman Bundaran Patung Entrepreneur di Proyek Perumahan CitraLand Cibubur,30.00,4867273.00,48672727.00,10.00,90.00,0.00,0.00,100.00,100.00,LOKACIPTA,2018-03-08,2018-03-29,14601818.10,LOKACIPTA,48672727.00
60,015/PGM/1/1.12.5/III/18,,232.01.00,2016-09-16,Hardscape Taman Danau Cluster Monteverde di Proyek Perumahan CitraLand Cibubur,15.00,34680000.00,346800000.00,5.00,120.00,0.00,0.00,42.27,42.27,EUPHORBIA,2018-04-02,2018-06-16,52020000.00,EUPHORBIA,346800000.00
60,023/PGM/1/1.12.5/IV/17,,232.01.00,2016-09-19,Taman Gerbang Monteverde di Proyek Perumahan CitraLand Cibubur,30.00,7918100.00,79181000.00,10.00,90.00,0.00,0.00,100.00,100.00,EUPHORBIA,2017-04-12,2017-05-03,23754300.00,EUPHORBIA,79181000.00
60,025/PGM/1/1.12.5/IV/17,,232.01.00,2016-09-19,"Penanaman Rumput Berm, Pucuk Merah dan Ketapang Mini Menuju Rumah Contoh di Proyek Perumahan CitraLa",30.00,21357900.00,213579000.00,10.00,90.00,0.00,0.00,110.00,100.00,EUPHORBIA,2017-04-03,2017-04-25,64073700.00,EUPHORBIA,213579000.00
60,028/PGM/1/1.12.5/V/18,,221.03.00,2016-09-29,"Tambah Landscape Area Berm, Median Entrance dan Gerbang Monteverde di Proyek Perumahan CitraLand Cib",30.00,4504000.00,45040000.00,10.00,180.00,0.00,0.00,0.00,0.00,FLORA,2018-05-28,2018-06-18,13512000.00,FLORA,45040000.00
60,026/PGM/1/1.12.5/V/18,,232.01.00,2016-09-29,"Pengadaan Tangki Air Penyiraman Taman & Lingkungan Marketing, Rumah Contoh, Boulevard dan Entrance ",0.00,5940000.00,59400000.00,0.00,0.00,0.00,0.00,50.01,50.01,FLORA,2018-05-18,2018-11-18,0.00,FLORA,59400000.00
60,034/PGM/1/1.12.5/V/18,,232.01.00,2016-09-29,"Pengadaan Tangki Air Penyiraman Taman & Lingkungan Marketing, Rumah Contoh, Boulevard dan Entrance",0.00,5940000.00,59400000.00,0.00,0.00,0.00,0.00,33.34,33.34,EUPHORBIA,2018-07-08,2019-01-04,0.00,EUPHORBIA,59400000.00
60,056/PGM/1/1.12.5/IX/18,,240.05.00,2016-09-29,Sofscape Median Blok B.01 Cluster Monteverde di Proyek Perumahan CitraLand Cibubur,30.00,3230000.00,32300000.00,10.00,180.00,0.00,0.00,0.00,0.00,EUPHORBIA,2018-09-18,2018-10-18,9690000.00,EUPHORBIA,32300000.00
60,032/PGM/1/1.12.5/VI/17,,232.01.00,2016-10-03,"Perawatan Taman & Lingkungan Marketing, Rumah Contoh, Boulevard dan Entrance di Proyek Perumahan Cit",0.00,8340000.00,83400000.00,0.00,0.00,0.00,0.00,0.00,0.00,LOKACIPTA,2017-06-08,2017-12-08,0.00,LOKACIPTA,83400000.00
60,036/PGM/1/1.12.5/VII/17,,232.01.00,2016-10-07,Ambil Alih yang Ke - 1 Taman Berm Tahap I di Proyek Perumahan CitraLand Cibubur,0.00,2350000.00,23500000.00,10.00,90.00,0.00,0.00,100.00,100.00,EUPHORBIA,2017-07-18,2017-08-01,0.00,EUPHORBIA,23500000.00
60,049/PGM/1/1.12.5/VII/18,,232.01.00,2016-10-16,"Perawatan Taman & Lingkungan Marketing, Rumah Contoh , Boulevard dan Entrance Periode Juli - Januari",0.00,11101200.00,111012000.00,0.00,0.00,0.00,0.00,0.00,0.00,FLORA,2018-07-08,2019-01-08,0.00,FLORA,111012000.00
60,048/PGM/1/1.12.5/VIII/18,,221.03.00,2016-11-10,Landscape Taman Lingkungan & PHU Cluster Monteverde di Proyek Perumahan CitraLand  Cibubur,30.00,45392134.00,453921345.00,10.00,180.00,0.00,0.00,0.00,0.00,FLORA,2018-08-27,2018-11-25,136176403.50,FLORA,453921345.00
60,046/PGM/1/1.12.5/VIII/18,,232.01.00,2016-11-10,Pemasangan Kawat Seling Pengaman Taman Entrance dan R.Nursery di Proyek Perumahan CitraLand Cibubur,30.00,0.00,43017187.00,5.00,60.00,0.00,0.00,30.00,0.00,PAINI,2018-08-15,2018-09-29,12905156.10,PAINI,43017187.00
60,052/PGM/1/1.12.5/VIII/18,,223.00.00,2016-11-10,Pemasangan Kawat Razor diatas Pagar Arcon Tahap I di Proyek Perumahan CitraLand Cibubur,30.00,0.00,38854166.00,5.00,60.00,0.00,0.00,30.00,0.00,PAINI,2018-08-31,2018-10-15,11656249.80,PAINI,38854166.00
60,045/PGM/1/1.12.5/VIII/18,,232.01.00,2016-11-14,Pembabatan Pohon dan Rumput Bambu Blok B.06 Cluster Monteverde di Proyek Perumahan CitraLand Cibubur,30.00,0.00,24479167.00,5.00,60.00,0.00,0.00,30.00,0.00,DARMONO,2018-08-15,2018-09-29,7343750.10,DARMONO,24479167.00
60,047/PGM/1/1.12.5/VIII/18,,232.00.00,2016-11-15,"Perbaikan Lanscape Area Gerbang, Boulevard dan Median di Proyek Perumahan CitraLand Cibubur",30.00,7698546.00,76985455.00,10.00,180.00,0.00,0.00,0.00,0.00,LOKACIPTA,2018-08-27,2018-09-17,23095636.50,LOKACIPTA,76985455.00
60,043/PGM/1/1.12.5/X/117-ADD,,232.01.00,2016-11-17,Tambah Perpanjangan Perawatan Taman Gerbang dan Berm Menuju Rumah Contoh di Proyek Perumahan Citra,0.00,1114400.00,11144000.00,0.00,0.00,0.00,0.00,100.00,100.00,EUPHORBIA,2018-04-10,2018-04-10,0.00,EUPHORBIA,11144000.00
60,043/PGM/1/1.12.5/X/17,,232.01.00,2016-11-25,Upgrade Taman (Penambahan tanaman) dan Landscape Area Gerbang Monteverde di Proyek Perumahan CitraLa,0.00,4210000.00,42100000.00,10.00,180.00,0.00,0.00,100.00,100.00,EUPHORBIA,2017-10-09,2017-10-30,0.00,EUPHORBIA,42100000.00
60,047/PGM/1/1.12.5/XI/16,,232.01.00,2016-11-28,Taman Area Sculpture Gerbang Utama di Proyek Perumahan CitraLand Cibubur,30.00,17247000.00,172470000.00,10.00,90.00,0.00,0.00,60.00,60.00,YUCCA,2016-11-28,2017-01-12,51741000.00,YUCCA,172470000.00
60,048/PGM/1/1.12.5/XI/16,,232.01.00,2016-11-28,Taman Area Entrance Masuk Gerbang Utama di Proyek Perumahan CitraLand Cibubur,30.00,71644000.00,716440000.00,10.00,90.00,0.00,0.00,30.00,0.00,YUCCA,2016-11-28,2017-01-12,214932000.00,YUCCA,716440000.00
60,045/PGM/1/1.12.5/XI/17,,232.01.00,2016-11-28,Penggantian Tanaman Berm (Ambil alih ke-II dari CV.Mitra Rezeki Abadi) di Proyek Perumahan CitraLand,30.00,2770000.00,27700000.00,10.00,180.00,0.00,0.00,90.00,100.00,EUPHORBIA,2017-11-13,2017-11-22,8310000.00,EUPHORBIA,27700000.00
60,051/PGM/1/1.12.5/XI/17,,232.01.00,2016-12-01,Penggantian Tanaman Palem BizMarkia 7 Pohon Area Taman Entrance di Proyek Perumahan CitraLand Cibubu,0.00,2365900.00,23659000.00,10.00,180.00,0.00,0.00,100.00,100.00,EUPHORBIA,2017-12-12,2018-01-02,0.00,EUPHORBIA,23659000.00
60,052/PGM/1/1.12.5/XII/16,,240.05.00,2016-12-05,Taman Area Marketing Office Tahap I di Proyek Perumahan CitraLand Cibubur,30.00,9800000.00,98000000.00,10.00,90.00,0.00,0.00,100.00,100.00,YUCCA,2016-12-06,2016-12-27,29400000.00,YUCCA,98000000.00
60,054/PGM/1/1.12.5/XII/17,,100.00.00,2016-12-06,"Pengadaan Tangki Air Penyiraman Taman & Lingkungan Marketing, Rumah Contoh, Boulevard dan Entrance S",0.00,5940000.00,59400000.00,0.00,0.00,0.00,0.00,100.02,100.02,EUPHORBIA,2018-01-08,2018-07-07,0.00,EUPHORBIA,59400000.00
60,050/PGM/1/1.12.5/XII/16,,232.01.00,2016-12-06,Taman Area Berm dan Median di Proyek perumahan CitraLand Cibubur,30.00,43230000.00,432300000.00,10.00,90.00,0.00,0.00,100.00,100.00,YUCCA,2016-12-06,2017-01-21,129690000.00,YUCCA,432300000.00
60,050/PGM/1/1.12.5/XII/17,,232.01.00,2016-12-08,Pengantian Tanaman Palem Sinensis (15 Pohon) Area Boulevard di Proyek Perumahan CitraLand Cibubur,0.00,3138300.00,31383000.00,10.00,180.00,0.00,0.00,100.00,100.00,EUPHORBIA,2017-12-08,2017-12-29,0.00,EUPHORBIA,31383000.00
60,053/PGM/1/1.12.5/XII/17,,232.01.00,2016-12-14,"Perawatan Taman & Lingkungan Marketing Rumah Contoh, Boulevard dan Entrance di Proyek Perumahan Citr",0.00,11101200.00,111012000.00,0.00,0.00,0.00,0.00,100.02,100.02,FLORA,2018-01-08,2018-07-07,0.00,FLORA,111012000.00
60,004/PGM/1/1.13.4/IV/16,,240.05.00,2016-12-14,Renovasi Tambahan Ruang SO dan Portal Gerbang CitraLand - Cibubur,50.00,0.00,40625000.00,5.00,90.00,0.00,0.00,95.00,100.00,PAINI,2016-05-19,2016-05-19,20312500.00,PAINI,40625000.00
60,019/PGM/1/1.13.4/IV/17,,239.00.00,2016-12-19,Pemasangan Neon Box Indoor Marketing Gallery ukr. 4400 x 4750 di Proyek Perumahan CitraLand Cibubur,50.00,9117000.00,91170000.00,0.00,0.00,0.00,0.00,50.00,0.00,PLATBOARD,2017-04-21,2017-05-05,45585000.00,PLATBOARD,91170000.00
60,0367/PGM/1/1.13.4/VII/18,,239.00.00,2016-12-20,Bongkar Pasang Hoarding Wall Area Rencana Ruko The Avenue I di Proyek Perumahan CitraLand Cibubur,0.00,0.00,10920000.00,0.00,0.00,0.00,0.00,100.00,100.00,DARMONO,2018-07-27,2018-08-03,0.00,DARMONO,10920000.00
60,045/PGM/1/1.13.4/VIII/18,,239.00.00,2016-12-23,Pembuatan Rangka MMT (Baliho) ukr. 8 x 10 meter dan Pondasi di Area Ruko The Avenue I di Proyek  ,30.00,6250000.00,62500000.00,5.00,90.00,0.00,0.00,0.00,0.00,SAEFULLOH,2018-08-10,2018-08-24,18750000.00,SAEFULLOH,62500000.00
60,044/PGM/1/1.13.4/XI/16,,240.00.00,2016-12-23,Pembuatan Ramping Beton T.7 cm dan Guter pada area Bawah Sculpture Main Gate di Proyek Perumahan Ci ,30.00,5910000.00,59100000.00,5.00,90.00,0.00,0.00,105.00,100.00,INTAN,2016-11-21,2016-12-13,17730000.00,INTAN,59100000.00
60,006/PGM/1/1.2.4/II/18,,240.05.00,2017-01-11,Cut and Fill Tahap III Cluster Monteverde di Proyek Perumahan CitraLand Cibubur,15.00,574070000.00,5740700000.00,5.00,120.00,0.00,0.00,58.87,58.87,SATRIACIPTA,2018-02-19,2018-07-19,861105000.00,SATRIACIPTA,5740700000.00
60,005/PGM/1/1.2.4/V/16,,224.00.00,2017-01-13,Konfirmasi  Mulainya Pekerjaan Penyiapan Infra Struktur Tahap I Proyek Perumahan CitrLand Cileungsi,15.00,524383500.00,5243835000.00,5.00,90.00,0.00,0.00,52.40,52.40,SATRIACIPTA,2016-05-10,2017-01-10,786575250.00,SATRIACIPTA,5243835000.00
60,035/PGM/1/1.2.4/VIII/17,,222.00.00,2017-01-18,Cut and Fill Tahap II Cluster Monteverde dan Danau di Proyek Perumahan CitraLand Cibubur,15.00,209940000.00,2099400000.00,5.00,120.00,0.00,0.00,100.00,100.00,SATRIACIPTA,2017-08-07,2017-11-05,314910000.00,SATRIACIPTA,2099400000.00
60,002/PGM/1/1.26.4/I/17,,239.00.00,2017-01-20,Pembuatan Pos Kuli Bongkar di Proyek Perumahan CitraLand Cibubur,0.00,0.00,15625000.00,0.00,0.00,0.00,0.00,100.00,100.00,DARMONO,2017-01-13,2017-01-27,0.00,DARMONO,15625000.00
60,029/PGM/1/1.27.1/VI/18,,222.00.00,2017-01-23,Pembangunan 2 Unit Gazebo di Danau Monteverde di Proyek Perumahan CitraLand Cibubur,35.00,4339200.00,108480000.00,5.00,90.00,0.00,0.00,100.00,100.00,DARMONO,2018-06-25,2018-08-25,37968000.00,DARMONO,108480000.00
60,034/PGM/1/1.27.3/IV/17,,240.05.00,2017-01-26,"Pembangunan Tambahan Gudang, Ruang Genset dan Ruang  Panel di SO di Proyek Perumahan CitraLand Cibub",30.00,7072900.00,70729000.00,5.00,120.00,0.00,0.00,100.00,100.00,ASIA PASIFIK,2017-04-04,2017-05-04,21218700.00,ASIA PASIFIK,70729000.00
60,027/PGM/1/1.27.3/IV/17,,240.05.00,2017-01-30,Pembangunan Kantor MAKO (Markas Komando) di Samping SO di Proyek Perumahan CitraLand Cibubur,50.00,6045100.00,60451000.00,5.00,90.00,0.00,0.00,100.00,100.00,ASIA PASIFIK,2017-04-20,2017-06-05,30225500.00,ASIA PASIFIK,60451000.00
60,015/PGM/1/1.27.3/VII/16,,240.05.00,2017-01-30,"Pembangunan Marketing Office (Struktur,Arsitek dan Electrical) di Proyek Perumahan CitraLand Cileung",15.00,96810000.00,968100000.00,5.00,120.00,0.00,0.00,32.00,32.00,SSE,2016-07-26,2016-09-26,145215000.00,SSE,968100000.00
60,050/PGM/1/1.27.3/VIII/18,,240.05.00,2017-01-30,Pembangunan Direksi Keet Area Livistona Cluster Monteverde di Proyek Perumahan CitraLand Cibubur,30.00,0.00,64175800.00,5.00,60.00,0.00,0.00,30.00,0.00,DARMONO,2018-09-03,2018-10-18,19252740.00,DARMONO,64175800.00
60,040/PGM/1/1.27.3/VIII/18,,240.05.00,2017-01-31,Pembangunan Expansion Site Office (Estate Room) di Proyek Perumahan CitraLand Cibubur,15.00,26700000.00,267000000.00,5.00,120.00,0.00,0.00,0.00,0.00,IKAGRIYA,2018-08-06,2019-01-06,40050000.00,IKAGRIYA,267000000.00
60,045/PGM/1/1.27.3/XI/16,,240.05.00,2017-02-20,"Pembangunan Site Office (Struktur, Arsitektur dan Electrical) di Proyek Perumahan CitraLand Cibubur",15.00,74460000.00,744600000.00,5.00,120.00,0.00,0.00,100.00,100.00,ASIA PASIFIK,2016-11-28,2017-02-28,111690000.00,ASIA PASIFIK,744600000.00
60,060/PGM/1/1.27.3/XII/16,,240.05.00,2017-02-22,"Pembangunan Perluasan Kantor Marketing Office (Struktur ,Arsitektur dan Electrical) di Proyek Peruma",15.00,87760000.00,877600000.00,5.00,120.00,0.00,0.00,0.00,0.00,SSE,2016-12-28,2017-02-27,131640000.00,SSE,877600000.00
60,013/PGM/1/1.27.4/III/17,,240.05.00,2017-03-06,Infrastruktur Kantor SO MO Tahap II di Proyek Perumahan CitraLand Cibubur,15.00,30774364.00,307743636.00,5.00,120.00,0.00,0.00,0.00,0.00,SATRIACIPTA,2017-03-07,2017-04-21,46161545.40,SATRIACIPTA,307743636.00
60,007/PGM/1/1.27.4/I/17,,240.00.00,2017-03-06,Pengadaan Material Marmer tipe Polisandro area Perluasan Marketing Gallery di Proyek Perumahan Citra,0.00,12317940.00,123179395.00,5.00,180.00,0.00,0.00,100.00,100.00,LIFESTONE,2017-02-01,2017-02-21,0.00,LIFESTONE,123179395.00
60,026/PGM/1/1.27.4/IX/16,,240.05.00,2017-03-07,Infrastruktur Kantor Site Office dan Marketing Office di Proyek Perumahan CitraLand Cibubur,15.00,61062546.00,610625455.00,5.00,120.00,0.00,0.00,15.00,0.00,SATRIACIPTA,2016-09-19,2016-11-19,91593818.25,SATRIACIPTA,610625455.00
60,028/PGM/1/1.27.4/V/17,,240.05.00,2017-03-08,Pembuatan Ruang Brangkas Keuangan di SO-MO di Proyek Perumahan CitraLand Cibubur,50.00,0.00,36458333.00,5.00,60.00,0.00,0.00,100.00,100.00,DARMONO,2017-05-22,2017-06-12,18229166.50,DARMONO,36458333.00
60,027/PGM/1/1.27.4/V/18,,240.05.00,2017-03-15,Pemindahan Unit Indoor AC Marketing Office dan Sewa Unit AC Standing selama Pekerjaan di Proyek,50.00,5464250.00,54642500.00,5.00,60.00,0.00,0.00,100.00,100.00,SCMU,2018-05-21,2018-06-04,27321250.00,SCMU,54642500.00
60,021/PGM/1.27.4/V/18,,239.00.00,2017-03-22,Penambahan Ketinggian Huruf Timbul Marketing Gallery di Proyek Perumahan CitraLand Cibubur,0.00,200000.00,2000000.00,0.00,0.00,0.00,0.00,0.00,0.00,PLATBOARD,2018-05-09,2018-05-23,0.00,PLATBOARD,2000000.00
60,056/PGM/1/1.27.4/XII/16,,240.05.00,2017-03-22,Pembangunan Kolam Air Mancur Kantor MO di Proyek Perumahan CitraLand Cibubur,30.00,3300000.00,33000000.00,5.00,120.00,0.00,0.00,100.00,100.00,ASIA PASIFIK,2016-12-19,2017-01-19,9900000.00,ASIA PASIFIK,33000000.00
60,009/PGM/1/1.27.8/I/17,,239.00.00,2017-04-03,Pembuatan Logo Huruf Timbul Stainless steel pada Back Drop MO di Proyek Perumahan CitraLand Cibubur,0.00,2150000.00,21500000.00,0.00,0.00,0.00,0.00,100.00,100.00,PLATBOARD,2017-02-01,2017-02-10,0.00,PLATBOARD,21500000.00
60,012/PGM/1/1.27.8/III/17,,240.05.00,2017-04-03,Pengadaan Furniture Tamabahan Ruang Marketing Office di Proyek Perumahan CitraLand Cibubur,0.00,4856800.00,48568005.00,0.00,0.00,0.00,0.00,100.00,100.00,DR.DESIGN,2017-03-07,2017-03-29,0.00,DR.DESIGN,48568005.00
60,014/PGM/1/1.27.8/III/17,,240.05.00,2017-04-07,Pengadaan Back Drop dan Credenza Ruang Marketing Office di Proyek Perumahan CitraLand Cibubur,50.00,6363636.00,63636364.00,0.00,0.00,0.00,0.00,100.00,100.00,TRIPOLA,2017-03-07,2017-03-29,31818182.00,TRIPOLA,63636364.00
60,013/PGM/1/1.27.8/III/17,,240.00.00,2017-04-07,Pekerjaan Pemasangan Lantai Marmer tipe Polisandro area Perluasan Marketing Gallery di Perumahan,0.00,5908539.00,59085387.00,5.00,180.00,0.00,0.00,105.00,100.00,LIFESTONE,2017-03-07,2017-03-29,0.00,LIFESTONE,59085387.00
60,013/PGM/1/1.27.8/III/17 add,,240.00.00,2017-04-12,Tambah Screed Lantai Marmer Marketing Gallery di Proyek Perumahan CitraLand Cibubur,0.00,899900.00,8999000.00,5.00,90.00,0.00,0.00,100.00,100.00,LIFESTONE,2018-03-19,2018-03-19,0.00,LIFESTONE,8999000.00
60,001/PGM/1/1.3.4/I/17,,223.00.00,2017-04-20,Pembuatan Pagar Batas Area Kampung dan Area Lahan Purna Bhakti di Proyek Perumahan CitraLand Cibubur,40.00,13725000.00,137250000.00,0.00,0.00,0.00,0.00,100.00,100.00,JAYACON,2017-01-16,2017-03-03,54900000.00,JAYACON,137250000.00
60,011/PGM/1/1.3.4/II.17,,224.01.00,2017-04-21,Pagar Batas Jalan Kampung Depan Masjid Belakang tinggi 2 meter di Proyek Perumaha CitraLand Cibubur ,0.00,19003300.00,190033000.00,0.00,0.00,0.00,0.00,100.00,100.00,JAYACON,2017-02-23,2017-04-09,0.00,JAYACON,190033000.00
60,007/PGM/1/1.3.4/II/18,,223.01.00,2017-05-08,Pemasangan Pagar Panel Arcon H.160 cm dan H.240 cm Area Batas Kampung Gandoang di Proyek Perumahan C,30.00,20519625.00,205196250.00,5.00,90.00,0.00,0.00,105.00,100.00,JAYACON,2018-02-26,2018-05-09,61558875.00,JAYACON,205196250.00
60,014/PGM/1/1.3.4/III/18,,223.00.00,2017-05-22,Peninggian Pagar Arcon Dari Tinggi 2.00 m Menjadi 2.40 m Area Batas Kampung Cipicung di Proyek Perum,30.00,1800000.00,45000000.00,5.00,90.00,0.00,0.00,100.00,100.00,DARMONO,2018-03-20,2018-05-05,13500000.00,DARMONO,45000000.00
60,005/PGM/1/1.3.4/IV/15,,223.00.00,2017-05-24,"Pagar Beton Panel H=1,6 m' Panjang=490 m' PT. Panasia Griya Mekarasri",50.00,14953540.00,149535400.00,0.00,0.00,0.00,0.00,100.00,100.00,JAYACON,2015-04-24,2015-06-23,74767700.00,JAYACON,149535400.00
60,021/PGM/1/1.3.4/IV/17,,223.00.00,2017-06-05,Turap Batu Kali dan Beton Batas Kampung di Proyek Perumahan CitraLand Cibubur,15.00,56363636.00,563636364.00,5.00,90.00,0.00,0.00,105.00,100.00,SARANA BANGUN,2017-04-07,2017-06-21,84545454.60,SARANA BANGUN,563636364.00
60,022/PGM/1/1.3.4/IV/17,,240.05.00,2017-06-06,Pagar Batas Cluster Monteverde di Proyek Perumahan CitraLand Cibubur,15.00,38810000.00,388100000.00,5.00,90.00,0.00,0.00,105.00,100.00,ADEL,2017-04-07,2017-06-21,58215000.00,ADEL,388100000.00
60,032/PGM/1/1.3.4/IX/16,,224.01.00,2017-06-13,Perubahan tinggi pagar batas jalan kampung dan Pagar tanah penduduk di Proyek Perumahan CitraLand ,0.00,10273125.00,102731250.00,0.00,0.00,0.00,0.00,100.00,100.00,JAYACON,2016-09-29,2016-10-20,0.00,JAYACON,102731250.00
60,054/PGM/1/1.3.4/IX/18,,223.00.00,2017-07-14,Pemasangan Kawat Razor diatas Pagar Arcon Tahap II di Proyek Perumahan CitraLAnd Cibubur,30.00,0.00,32177083.00,5.00,60.00,0.00,0.00,30.00,0.00,DARMONO,2018-09-07,2018-10-22,9653124.90,DARMONO,32177083.00
60,029/PGM/1/1.3.4/V/16,,223.00.00,2017-07-31,Bongkar Pagar H. 160 cm (eks. H.Tatang) dan Pasang Kembali Area Batas Kampung Tinggi H. 200 cm di Pr,0.00,5382000.00,53820000.00,0.00,0.00,0.00,0.00,0.00,0.00,JAYACON,2017-05-25,2017-07-08,0.00,JAYACON,53820000.00
60,007/PGM/1/1.3.4/VI/15,,224.01.00,2017-09-07,Pagar Seng Area Jalan Raya Cileungsi-Jonggol Perumahan Citraland Cibubur,0.00,0.00,15384615.00,5.00,90.00,0.00,0.00,95.00,100.00,RABAY,2015-06-10,2015-06-24,0.00,RABAY,15384615.00
60,006/PGM/1/1.3.4/VI/15,,240.05.00,2017-09-08,"Bangunan Tambahan Toilet, Gudang,dan Musholla Kantor Site Office Perumahan Citraland Cibubur",40.00,0.00,67654639.00,5.00,90.00,0.00,0.00,100.00,100.00,PAINI,2015-06-09,2015-08-08,27061855.60,PAINI,67654639.00
60,009/PGM/1/1.3.4/VI/16,,223.01.00,2017-09-13,"Pemasangan pagar panel t. 160cm (pj.. 49,00 M) dan t. 200 m (pj. 181,00 m)",0.00,8395125.00,83951250.00,0.00,0.00,0.00,0.00,100.00,100.00,JAYACON,2016-06-01,2016-06-28,0.00,JAYACON,83951250.00
60,009/PGM/1/1.3.4/VII/15,,223.00.00,2017-09-15,"Pagar Seng Tinggi = 180 cm, Panjang = 123.5. cm, Jl. Cileungsi - Jonggol Proyek CitraLand Cibubur",0.00,0.00,17817448.00,5.00,90.00,0.00,0.00,100.00,100.00,PAINI,2015-07-01,2015-07-15,0.00,PAINI,17817448.00
60,039/PGM/1/1.3.4/VII/18,,240.05.00,2017-09-20,Pembangunan Pagar Belakang Cluster Monteverde (Livistona dan Attaleya) Di Proyek Perumahan CitraLand,15.00,75000000.00,750000000.00,5.00,120.00,0.00,0.00,15.00,0.00,PURI,2018-08-06,2019-03-06,112500000.00,PURI,750000000.00
60,053/PGM/1/1.3.4/VIII/18,,223.01.00,2017-09-25,"Pagar Panel Arcon 4 Panel Kolom 2,40 m area Batas Proyek Kp.Cipicung di Proyek Perumahan CitraLand",30.00,31810845.00,318108450.00,5.00,90.00,0.00,0.00,0.00,0.00,JAYACON,2018-09-07,2018-11-21,95432535.00,JAYACON,318108450.00
60,038/PGM/1/1.3.4/X/16,,239.00.00,2017-09-26,Pembuatan Gapura Batas Desa Gandoang dan Desa Mekarsari di Proyek Perumahan CitraLand Cibubur,0.00,1567827.00,15678273.00,0.00,0.00,0.00,0.00,100.00,100.00,INTAN,2016-10-16,2016-11-01,0.00,INTAN,15678273.00
60,008/PGM/1/1.4.4/I/17,,224.01.00,2017-10-03,Saluran Utama Main Drain tahap II (Galian untuk saluran beton Prima Wall dan Pekerjaan Box Culvert) ,15.00,44690000.00,446900000.00,5.00,120.00,0.00,0.00,105.00,85.00,SATRIACIPTA,2017-02-01,2017-04-30,67035000.00,SATRIACIPTA,446900000.00
60,006/PGM/1/1.4.4/I/17,,224.01.00,2017-10-12,Saluran Utama (Main Drain ) Tahap II Pengganti U-ditch dengan Plat Beton Prima Wall di Proyek Peruma,15.00,134690000.00,1346900000.00,5.00,120.00,0.00,0.00,80.00,65.00,PRIMA,2017-02-01,2017-04-30,202035000.00,PRIMA,1346900000.00
60,003/PGM/1/1.4.4/I/17,,224.01.00,2017-11-01,Cat Marka Jalan Utama di Proyek Perumahan CitraLand Cibubur,0.00,4442091.00,44420909.00,5.00,90.00,0.00,0.00,100.00,100.00,RIMANTARA,2017-01-25,2017-02-19,0.00,RIMANTARA,44420909.00
60,003/PGM/1/1.4.4/II/15,,224.01.00,2017-11-08,Penambahan Tebal Jalan Kerja Pintu Masuk PT. Panasia Griya Mekarasri,30.00,0.00,57868902.00,5.00,90.00,0.00,0.00,100.00,100.00,RABAY,2015-02-25,2015-03-25,17360670.60,RABAY,57868902.00
60,012/PGM/1/1.4.4/II/18,,224.01.00,2017-11-14,Jalan & Saluran area seberang gerbang Citr (Jl Provinsi Jabar) di Proyek Perumahan CitraLand Cibubur,15.00,67053909.00,670539091.00,5.00,120.00,0.00,0.00,105.00,100.00,SATRIACIPTA,2018-03-01,2018-03-22,100580863.65,SATRIACIPTA,670539091.00
60,004/PGM/1/1.4.4/IV/15,,224.01.00,2017-11-14,Rental (Sewa) Alat Berat Untuk Cut n Fill Jalan Masuk di Area PT. Panasia Griya Mekarasri,50.00,15580000.00,155800000.00,0.00,0.00,0.00,0.00,100.00,100.00,TITIKINDAH,2015-04-17,2015-05-02,77900000.00,TITIKINDAH,155800000.00
60,002/PGM/1/1.4.4/II/15,,224.00.00,2017-11-14,Pasangan Paving di Depan Kantor PT. Panasia Griya Mekarasri,30.00,0.00,34262500.00,5.00,90.00,0.00,0.00,100.00,100.00,RABAY,2015-02-25,2015-03-17,10278750.00,RABAY,34262500.00
60,027/PGM/1/1.4.4/IX/16,,224.01.00,2017-12-07,Saluran dan Jalan Masuk Utama Menuju Rumah Contoh di Proyek Perumahan CitraLand Cibubur ,15.00,571651636.00,5716516364.00,5.00,120.00,0.00,0.00,15.00,0.00,SATRIACIPTA,2016-09-19,2017-02-19,857477454.60,SATRIACIPTA,5716516364.00
60,030/PGM/1/1.4.4/V/17,,224.01.00,2017-12-11,Ambil Alih Penyelesaian dan Finishing Lapisan Base Course Jalan Masuk Utama di Proyek Perumahan Citr,0.00,50393636.00,503936364.00,5.00,90.00,0.00,0.00,105.00,100.00,SATRIACIPTA,2017-05-10,2017-06-30,0.00,SATRIACIPTA,503936364.00
60,024/PGM/1.4.4/V/18,,100.00.00,2017-12-19,Pemasangan Drive Way 111 Unit Rumah Cluster Monteverde di Proyek Perumahan CitraLand Cibubur,15.00,16184900.00,161849000.00,5.00,120.00,0.00,0.00,43.63,43.63,LADANG,2018-05-21,2018-09-05,24277350.00,LADANG,161849000.00
60,022/PGM/1/1.4.4/V/18,,224.01.00,2017-12-19,Jalan dan Saluran Ruko The Avenue Tahap I di Proyek Perumahan CitraLand Cibubur,15.00,228110000.00,2281100000.00,5.00,120.00,0.00,0.00,61.67,61.67,MJS,2018-05-21,2018-09-05,342165000.00,MJS,2281100000.00
60,023/PGM/1/1.4.4/V/18,,224.01.00,2017-12-20,Jalan dan Saluran Cluster Monteverde Tahap II di Proyek Perumahan CitraLand Cibubur,15.00,177460000.00,1774600000.00,5.00,120.00,0.00,0.00,15.00,0.00,MJS,2018-05-21,2018-09-05,266190000.00,MJS,1774600000.00
60,008/PGM/1/1.4.4/VI/15,,224.01.00,2017-12-28,Rental (Sewa) Alat Berat Untuk Cut n Fill Jalan Masuk di Area PT. Panasia Griya Mekarasri (Tahap 2),50.00,14280000.00,142800000.00,0.00,0.00,0.00,0.00,100.00,100.00,TITIKINDAH,2015-06-10,2015-06-24,71400000.00,TITIKINDAH,142800000.00